,0,1,2,3,4,5,6,7,8,9,10,11,12,13,14,15,16,17,18,19,20,21,22,23
2020-01-22,0.005710446758481693,0.006214309707759489,0.0,0.00040309035942223714,0.003426268055089016,0.01629156869331542,0.051763520322472285,0.11514947934161908,0.24813570708767216,0.4340947262344642,0.7569701041316762,0.9924084648975479,0.9727242190124287,0.9314410480349345,1.0,0.9108834397044004,0.7859926100100773,0.5159220691971783,0.24494457507557943,0.13349009069533088,0.11961706415854888,0.09301310043668122,0.049512932482364796,0.03332213637890494
2020-01-30,0.006172408983121774,0.0,0.0005230855070442182,0.00034872367136281213,0.005300599804714744,0.016320267819779608,0.04317199051471614,0.1126377458501883,0.20079508997070722,0.41972381085228067,0.7500697447342726,0.9429836797321802,0.9146324452503836,0.93726461152183,1.0,0.9373692286232389,0.7521620867624494,0.5424047984377179,0.2635304784488771,0.1508927325986888,0.12648207560329194,0.08418189426698285,0.03937090249686149,0.030722555447063746
2020-02-01,0.009315403422982885,0.0024449877750611247,0.0,0.00019559902200488998,0.0019315403422982885,0.016161369193154033,0.03484107579462103,0.07212713936430318,0.20701711491442543,0.396601466992665,0.6724205378973105,0.814596577017115,0.8978239608801956,0.8689731051344743,1.0,0.896919315403423,0.8195354523227384,0.5731540342298288,0.30684596577017115,0.15635696821515893,0.09581907090464548,0.07039119804400978,0.053618581907090464,0.031369193154034226
2020-02-02,0.01207049575250412,0.005604158742234056,0.0011664764802840116,0.004894129580322049,0.0,0.011664764802840117,0.023050589577786232,0.06605807024217066,0.20101432737416,0.4406998858881704,0.806872067959934,0.9608469633574236,0.9346012425510334,0.9698237606187396,1.0,0.9867123113985039,0.8540890072270826,0.5714720426017497,0.3429948015722074,0.23654114365411436,0.16855585140103968,0.05548370736655255,0.03813870926841638,0.014479523266134145
2020-02-04,0.006533587234880819,0.0,0.0014446122529384728,0.0006238098364961586,0.004399500952130803,0.009586972224046227,0.04090879243548493,0.13753365289907413,0.2648893558342636,0.3540941624532143,0.8155164488804255,1.0,0.8886335281371068,0.8736949241578568,0.9441854356819227,0.8966773918182415,0.7564515069932366,0.5517762164291812,0.31912797951277166,0.17098955939326285,0.09150305338498917,0.08917197452229299,0.0322082868211964,0.019863418477904
2020-02-09,0.016596201173723735,0.010517237752676637,0.003849309017479649,0.0,0.000988620348751604,0.008771376285732315,0.02583033592057382,0.059443427778128353,0.1802023516543615,0.39164089943417263,0.8243621295303002,0.9885362108495824,0.963084495488105,0.9340148503397068,1.0,0.8669148734776299,0.8232473023285164,0.5305525756715256,0.312235754401464,0.14917650028396542,0.11223996129656506,0.0549210155444774,0.02036137228918197,0.016617235649229088
2020-02-10,0.00897489488308048,0.0013523814207381543,0.001499913939364135,0.0,0.004475153064988075,0.01219602153974772,0.04964469251764243,0.0952322407730704,0.18775971870466449,0.40428827854139515,0.8186579458555656,0.9174555558287639,0.9991639823944528,0.9537485554107551,1.0,0.9135459440851754,0.6920996336275788,0.5179374953896088,0.37060168678846295,0.1801617939954265,0.14490152204381715,0.06707811846861246,0.035014384420566036,0.029678624996926407
2020-02-11,0.015190658261858014,0.011134649168130619,0.0002583445282628914,0.0,0.002609279735455203,0.013718094450759532,0.029218766146533015,0.08623540353415314,0.2033946471013744,0.43456133099100963,0.811382659915263,0.9710654128345562,0.9861010643794564,0.9183631290689264,1.0,0.9435000516689056,0.7889841893148704,0.5567841273121835,0.4069443009197065,0.17022320967241913,0.09424408391030278,0.07251730908339361,0.02939960731631704,0.01896248837449623
2020-02-13,0.018076018323635014,0.0073872312327184185,0.006314225578804011,0.0,0.0040856753745202425,0.022037885353472824,0.05740580248442078,0.1567413643679584,0.21621063926375306,0.33308571664396847,0.649746192893401,0.9019025215632867,0.9612479881143989,0.9305847880813833,1.0,0.8610457678180843,0.8540299616194131,0.7579134166976188,0.33073335809500226,0.1458874994841319,0.1024307705005984,0.07886591556270893,0.05600264124468656,0.043002765053031244
2020-02-14,0.011303414503253504,0.0,0.006674716576105185,0.016200442745019118,0.018816663312537733,0.03384316093110619,0.06151472462601462,0.14006842423022742,0.2372039981216878,0.45894546186355406,0.7368685852284161,0.9907426041457034,0.9928892466626417,0.927617897631985,1.0,0.9886295029180922,0.8134433487623264,0.5840209297645401,0.3328302139934259,0.2153015361910512,0.11913865969007849,0.10820419936942376,0.07181190044945328,0.05819413698262561
2020-02-15,0.009479449489748151,0.0,0.009245389008519801,0.0071388446774646565,0.0068813781481134725,0.017226851418406516,0.042622413631682426,0.08311487688418688,0.1970789251942702,0.36291077614455575,0.6433854508004868,0.9292669225727929,0.8896872951970789,0.9316309334331991,1.0,0.9474066098679899,0.7599007583559592,0.5854320756483475,0.29107761445557534,0.15314577286770903,0.10308023593296507,0.08477670630090815,0.04732702930437225,0.025653028742627097
2020-02-18,0.016676035225782274,0.011081667068176343,0.007628683851280816,0.007039802992585454,0.0,0.010813993950587542,0.023019888112636847,0.09751331673760004,0.18536363393024438,0.33220910623946037,0.7066034958109157,0.9145855081774138,0.9155491314007335,1.0,0.9643459407371717,0.8871490136245617,0.8159747316576996,0.5639069568243261,0.29971358976418,0.14050161942236142,0.06539254262694398,0.0491180170775449,0.019192162531117,0.018415910490109478
2020-02-19,0.013858587100144424,0.004578557600712903,0.0,9.218572350428663e-05,0.002089543066097164,0.01806840180684018,0.03865654672279753,0.10592139630642534,0.20287004885843346,0.4181851703899456,0.7478413176412746,0.9892142703499984,0.9457947945794795,0.9429370371508465,1.0,0.9029591617244876,0.766647205236149,0.558430384414467,0.31140337399748025,0.16181667332452448,0.1154472544018683,0.08309006545186369,0.05414374827151768,0.02793227422179885
2020-02-20,0.012543970266144554,0.0004977765978628791,0.010486493661644654,0.0,0.0015928851131612133,0.013705448994491273,0.03929116612464326,0.10612597066436583,0.19658857104931307,0.3422711886905157,0.7022632242649499,0.9006437910665693,0.8990509059534081,0.8526249419260635,1.0,0.9107320634499236,0.8057343864073804,0.6086148536536802,0.3125041481383155,0.1461803942390655,0.0778190747992301,0.053759872569190945,0.03524258312869184,0.03351695758943386
2020-02-21,0.0063764488543249604,0.002741277077560263,0.0012812490688596883,0.0025327016477458956,0.0,0.014093739757456572,0.04371145079109681,0.10312565179821817,0.1936771848276273,0.32716545990882273,0.6382408152319656,0.8806352611662346,0.9307827537916034,0.9458895742081582,1.0,0.8702362861654898,0.7489645719734215,0.5702750216024552,0.39411817287923484,0.17135961383748993,0.06683352701051816,0.06036768868627276,0.03784154226632103,0.023479634099103124
2020-02-22,0.01023673987930908,0.004324350736605507,0.0,0.0021255283281620286,0.005765800982140676,0.01739512838679729,0.029635239793799322,0.08169846815372211,0.22024871124575504,0.3823263541081332,0.7854926583762918,0.8823141384280863,1.0,0.9428550487405634,0.9431482250616892,0.9032029513082993,0.7365810754684713,0.5024309203293348,0.29493537905255185,0.14627055288167892,0.09437834404241284,0.08695121057389264,0.04734797586181623,0.018005912389142703
2020-02-23,0.013907551733404999,0.0055932545014780975,0.001276538564901908,0.0,0.0003527277613544746,0.008415076592313895,0.021062886320881484,0.05549583445310401,0.16983001881214727,0.3872614888470841,0.7894719161515722,0.9480818328406342,0.9339895189465197,0.8804756785810266,1.0,0.8707168771835528,0.8369221983337812,0.6836871808653587,0.38729508196721313,0.31013168503090566,0.11912120397742543,0.0708478903520559,0.02972991131416286,0.016175087342112336
2020-02-24,0.0034005894355021537,0.0013190165083159869,0.0009686527482945529,0.0,0.0020197440283588547,0.0088415325323056,0.03208919849137487,0.058490138290637046,0.17419261762948002,0.37513653881824366,0.8452834855011232,0.9127800333876054,0.907957379279075,1.0,0.9923126069124709,0.9152531893406979,0.8004369242183796,0.5960718039611714,0.3318563096391253,0.17761381669792461,0.07872879784011047,0.06219987222027576,0.024772778796809627,0.016549535252777147
2020-02-27,0.006779126596247832,0.004508907457039256,0.0011035787482263912,0.0,0.005328708812864575,0.01463030111934416,0.050638499132902415,0.10821377896894215,0.1990540753586631,0.30912817278890115,0.6962951284880972,0.9350465079615324,0.8885700772505124,0.8851962793630774,1.0,0.8112249724105313,0.727226864259814,0.6215040201797257,0.32937096011351097,0.12921330600662148,0.09213306006621473,0.06098060854485259,0.032728992590256974,0.02459404067475958
2020-02-28,0.015561835938897435,0.007834579472686294,0.002253783135978249,0.0,0.002253783135978249,0.017744070403892247,0.0431438486030122,0.10793117017851393,0.2068829821486066,0.40389224770149895,0.7320502271670304,0.95606911601617,0.9983543805673809,0.9371087182055593,1.0,0.8639144277895038,0.7837441419525633,0.6485171537938683,0.40879333166386433,0.18795835867348765,0.09998926769935249,0.1025650198547562,0.03581010982720996,0.030372410832468787
2020-03-01,0.005099050521627007,0.005567928730512249,0.0045129527605204545,0.0,0.015795334661821592,0.027634509436173953,0.05192826163404056,0.08721134685265503,0.17538975501113585,0.31473449771421874,0.6741296448247568,0.9491853241120619,0.9394854061657485,0.9457859570976439,1.0,0.8919821826280624,0.7719786660414957,0.5503457976790529,0.2357871292931661,0.1063767436408393,0.11065525729691712,0.054917360215683976,0.023678349548704725,0.019311921228460906
2020-03-03,0.0,0.005048609926658707,0.017397236909432033,0.010370117687190858,0.017908920347944737,0.039467849223946784,0.06829268292682927,0.12560122804025242,0.22940474159986354,0.4024219682756268,0.6971857410881801,0.8912161009721985,1.0,0.9225993518676445,0.9823980897151628,0.8736141906873615,0.7202114958212519,0.5845812723861504,0.3389732219000512,0.14183864915572234,0.09779976121439536,0.06621183694354427,0.05225993518676446,0.04134402183182671
2020-03-05,0.012222891969727413,0.005056593664188601,0.00659701292612685,0.0,0.007199785680798339,0.02390998593530239,0.03991695130935637,0.10367691380349608,0.18096577590248478,0.3535262206148282,0.6888687964637332,0.8509811800951042,0.9604514098184984,0.8208090549862702,1.0,0.7578193021230996,0.7633112316656621,0.6199852655548858,0.3387582881253767,0.21981113120353626,0.10494943406335812,0.06814680865313777,0.047116736990154715,0.030004688232536336
2020-03-07,0.009177004134987328,0.007416299853274643,0.0022675736961451248,0.0,0.007042817126850741,0.02496998799519808,0.037801787381619316,0.09043617446978791,0.19429104975323463,0.3292517006802721,0.6767240229425103,0.838015206082433,0.9340269441109778,0.9145258103241296,1.0,0.882139522475657,0.7987995198079232,0.5076430572228892,0.31249833266639987,0.16686674669867949,0.12052821128451381,0.06554621848739496,0.04556489262371615,0.03289315726290516
2020-03-09,0.01943384506167362,0.008962640873191943,0.00044369509273227436,0.0010648682225574584,0.0,0.02079451001271926,0.04336380039636761,0.10480078090336321,0.18398556511964978,0.32478480788002484,0.6434466234803443,0.8963824060105895,0.9789688526044902,0.9083621735143609,1.0,0.9425858550004437,0.7709350134587512,0.5667169521105097,0.41029964208595854,0.18262490016860414,0.07856361108646139,0.09187446386842961,0.03576182447422131,0.036175939894104774
2020-03-11,0.019004201796061847,0.0025265701809793206,0.0034877653585258014,0.0,0.0020597039518853158,0.015543899156894516,0.03732183560816192,0.08804547826325763,0.16224974596984593,0.3076099195342323,0.55872902534809,0.9004751050449016,1.0,0.8508499711641446,0.9406530634663445,0.8263532254963887,0.7682970367725812,0.5875923433938428,0.4232005053140362,0.26095075934419026,0.08293741246258204,0.05217916678109467,0.031170186471864442,0.022519429873946117
2020-03-12,0.006035814405858458,0.002946392814234224,0.0,0.0045769208764803474,0.0046627381429143544,0.019280279192173466,0.04236512386292122,0.10037759597230964,0.1736655415069512,0.29675610732879454,0.5880199096058127,0.8921563018479318,0.8868356313290234,0.9566622804508267,1.0,0.8322558498769953,0.7513873791406831,0.6204016248069112,0.3937010126437439,0.2472109388408948,0.09794610675667945,0.08358601750672236,0.04039132673493907,0.04090623033354311
2020-03-13,0.007472552738977985,0.004483531643386791,0.0023567281715238257,0.0,0.004023682244065068,0.012128527907110422,0.03207449560269012,0.10685750416738518,0.18945795252054953,0.31764097258147955,0.6331551416910962,0.849255618784848,0.8426165430821406,0.840317296085532,1.0,0.8712709087773755,0.7741277231706616,0.5181353106857505,0.362878657239754,0.1962119905730873,0.1122032534345002,0.07443812151520376,0.04607116169454504,0.03408633672472265
2020-03-15,0.011375568778438922,0.0017000850042502124,0.0008500425021251062,0.0,0.0033001650082504124,0.012525626281314066,0.03640182009100455,0.07432871643582178,0.18678433921696086,0.3431421571078554,0.8483174158707936,0.9758737936896845,0.9677733886694335,1.0,0.9795239761988099,0.9061453072653632,0.7558877943897195,0.49807490374518726,0.35711785589279466,0.18683434171708585,0.10908045402270114,0.06175308765438272,0.04452722636131807,0.027326366318315917
2020-03-16,0.009275394906964978,0.005537129686885154,0.0016021136657484963,0.0,0.007729495755804149,0.016555174546067794,0.0424138512563944,0.08356287593456631,0.1825847433807409,0.3219686323008601,0.7794142447579965,0.9799876328067907,0.9242790488504132,0.9420428354601158,1.0,0.858564281297431,0.6846084659058969,0.5570015177918939,0.343555005902524,0.1668727865534881,0.12117038619371522,0.071814042385744,0.048372589802687056,0.03471246275788409
2020-03-17,0.008733624454148471,0.0,0.00039222864315038045,0.0021180346730120545,0.0016473603012315979,0.013283476714692885,0.041210156106999976,0.10503883063567189,0.17995450147739456,0.3132860915723139,0.7423319300264101,0.9427084695238345,0.9447742070444264,0.9343932222890463,1.0,0.9372957142483592,0.7632769395706404,0.6259969144680072,0.40755170880945535,0.20646915775436028,0.09431791438956148,0.06215516565123029,0.037314018251706195,0.03370551473472269
2020-03-18,0.006149256855767218,0.002852208499057986,0.00020933640360058616,0.0,0.0015700230270043961,0.015543227967343521,0.03404333263554532,0.07837031609796943,0.17709859744609588,0.32808247854301864,0.6920138162026377,0.9525591375340172,0.9161607703579653,0.9402344567720327,1.0,0.8954888005024074,0.8681180657316308,0.6948136906007955,0.4430343311701905,0.251072849068453,0.10626439187774754,0.06452794640988067,0.04801653757588445,0.018683274021352312
2020-03-19,0.013063075995521232,0.00769429531164767,0.0034164967988286297,0.0,0.0031581062846315062,0.008584307082771095,0.042318624214062184,0.08417788751399616,0.16631736097154834,0.29172289052855216,0.7382504091183142,0.8738767190146708,0.8798197008412046,0.9808216818351468,1.0,0.9242915793402429,0.8054606528666992,0.6408371852659986,0.48542964600499555,0.232666303005943,0.1031265252217852,0.07892394705865464,0.04467284889896931,0.03238494444603945
2020-03-20,0.005109071251404465,0.004345890483559814,0.00040278984969578766,0.0,0.005533060566873715,0.019588306374679357,0.036187488075300506,0.0888257615908079,0.20372686608297472,0.33685951114031926,0.6811600347671238,0.8430815543448306,0.8763435161433932,0.9799665048440779,1.0,0.9377371690233406,0.8311674545801446,0.7877721481418668,0.4666850395370037,0.27557185558923913,0.1818490174047614,0.08778698776790825,0.04286531979394119,0.03845583091306099
2020-03-21,0.014925088998457995,0.0036551238363570597,0.004530830588817605,0.0,0.0047021645186468425,0.021530963848540807,0.0413676255021036,0.08781815758914123,0.19785261474614022,0.3911363246968341,0.7170705705419863,0.8662453121133088,0.9534352452930762,1.0,0.9181023815416246,0.9855698756877154,0.957661482228864,0.7192027261131946,0.4872927335376649,0.3582021359629919,0.22014506272725543,0.10632222201069885,0.046583791810238154,0.02381541624626397
2020-03-22,0.009446042108356598,0.00929910367555994,0.0024979533575431893,0.0,0.00478599466823401,0.013056529314217342,0.02447574466298621,0.07080333340330401,0.1755704359873213,0.35953735384873736,0.7275761455949957,0.8677344192783224,1.0,0.8967862465626902,0.8920632255085119,0.8871302924074813,0.8617939083524003,0.5952895736686329,0.3409391464976175,0.15130460337118748,0.09252923025252419,0.06435903356493629,0.03413169881819517,0.01691891097630093
2020-03-23,0.012974764939555886,0.006373067360178331,0.0017433054213940727,0.0,0.009945414535166185,0.028721671286902346,0.050498699665628304,0.10842788145523134,0.1877911462947615,0.3310279786230745,0.745563144808665,0.9867108685090452,0.9289245806064417,0.9649624189077192,1.0,0.8851133148523906,0.7573090223200252,0.6187876882626961,0.4480580720756766,0.21685576291046268,0.07799148352433483,0.05001286044982996,0.02614958132091109,0.015546854905547141
2020-03-24,0.013082630118366653,0.006796171490060599,0.005805063147760095,0.0,0.0010760604859262615,0.006852806252477771,0.03321628815767118,0.09123860225406355,0.18788582431896697,0.3575069377583961,0.7484850201053407,0.9502463612165147,0.931217081044345,0.9345868494081667,0.9744577221498556,1.0,0.8982273319363425,0.7264540975250608,0.495554171150252,0.2735742198561477,0.11757376677804837,0.06597949821600499,0.03415076173755451,0.020388514470181796
2020-03-25,0.004369056797738371,0.0,0.00359804677460807,0.000628230389217282,0.0021702504354778832,0.020017704674605213,0.05497015905651218,0.09394899911476627,0.17964533538936006,0.3068905451326423,0.6824580941774465,1.0,0.9498272366429652,0.9353779376909678,0.9795825123504384,0.9694166024158314,0.9154744567234929,0.7314315086096119,0.4586367400553985,0.2986378822924698,0.09897484222850453,0.07281761329563952,0.04343356463634027,0.02113138581912676
2020-03-26,0.011107169172829735,0.01255355729607292,0.006740714461152198,0.0,0.0018830335944109379,0.0221597576617635,0.041317577709248696,0.09879103785170429,0.21068143983844118,0.3157765466801299,0.7426793657724531,0.9561171301476408,0.8827606909914582,0.9073765794285402,1.0,0.9884561853560025,0.9000900581284283,0.7272603225718418,0.4764074993859673,0.23668913571487052,0.1200229238872363,0.1016019430723467,0.06203094724776902,0.04412848292989111
2020-03-31,0.04401770683957853,0.02481451462061226,0.0028680092275079495,0.0,0.01714570733836274,0.061537502338051,0.07163788266101379,0.17282872997069643,0.3094956044641187,0.3969075378764262,0.8567865827046574,1.0,0.9639004925494108,0.9589126504146144,0.8574100629715069,0.8450651536878858,0.7420038655776545,0.6072074318847809,0.3139846623854355,0.19084730968264854,0.14595673046948063,0.1306191159049816,0.07382006359498722,0.04844441673421036
2020-04-04,0.022345237291568218,0.026935799635455344,0.013231620873557011,0.06082495105650442,0.0,0.030378721393370688,0.09437656112873827,0.1745763856072369,0.32592992641598595,0.3733882400594073,0.5655167758050361,0.8372375616012961,1.0,0.920745291298184,0.9446432187943024,0.9012354013366637,0.7158576925673396,0.5628164450145143,0.2823195841490583,0.1986768379126443,0.12752312158239384,0.10051981367717545,0.1280631877404982,0.08998852359414028
2020-06-19,0.027158615443134273,0.0,0.009509319132750094,0.0028147584632940282,0.013617344998098135,0.03643971091669836,0.09547356409281095,0.20677063522251807,0.38478508938759987,0.41376949410422215,0.6479269684290605,0.8262457208063902,0.8685431723088627,0.8537086344617726,0.9388360593381514,1.0,0.6816279954355268,0.5278813236972233,0.3208063902624572,0.19345758843666794,0.1103841764929631,0.11844807911753519,0.0603271205781666,0.03811335108406238
2020-06-20,0.02410575427682737,0.012774938902466119,0.0,0.0014070947196919202,0.009775605421017552,0.028623268903206694,0.05746871065689106,0.1293045989780049,0.26390431755906096,0.4807079908168555,0.6866622232096571,0.8405539509738577,0.9349403836184551,0.9384951492260979,1.0,0.9216100125897949,0.7860105161815892,0.519625268458861,0.37350959046137894,0.19077242094349403,0.12319484558986891,0.08338887654595276,0.07405761682589054,0.0618381100496186
2020-06-21,0.014937172339186153,0.01868186735458101,0.0013730548389781143,0.004743280352833486,0.0,0.008820837147374553,0.04992926687193143,0.1527419489057169,0.30153116418407255,0.43821253224598483,0.7755679454106682,0.951943080635766,1.0,0.9176583173837064,0.9272697012565532,0.9424149122077058,0.7717400349504868,0.557543480069901,0.34767412831821587,0.19568111841557792,0.1665557127402846,0.11467088291586919,0.03357743197137389,0.018765082799367564
2020-06-23,0.028429777674490665,0.011232473468123016,0.0,0.0059648307382446355,0.00960570144860175,0.039352389805562014,0.0910992330931908,0.25524827639631265,0.37586180184367496,0.4183902703540166,0.8470059648307382,0.9631265008908514,0.9467813153613758,0.8693159810984584,1.0,0.9544503834534046,0.7053218684638625,0.6433496010535286,0.35254473623053684,0.24905104965527927,0.1334727709350066,0.11441629870632891,0.09140909443024246,0.09280347044697498
2020-06-24,0.013527422437876782,0.0,0.0105866784296427,0.006984267019555948,0.02404058226731363,0.05161005734450816,0.09844140567563593,0.23893545066901925,0.44544919864725774,0.43934715483017206,0.7887075430083811,0.9689016321129246,1.0,0.890163211292457,0.9524334656668137,0.9178062049698573,0.8092192324658138,0.6080723423026025,0.34825760917512133,0.22099691221879136,0.11623290692545214,0.12652551095427142,0.08969269225113954,0.06873989119247169
2020-06-26,0.014329976762199844,0.02743351407177898,0.025884327394784405,0.0,0.004002065582235993,0.02188226181254841,0.10463465014200878,0.22934417764007228,0.3475987606506584,0.38645752646527237,0.7756906790601601,0.9256390395042603,0.9492641363284275,0.9225406661502711,1.0,0.8173250710043893,0.6682804027885361,0.5926930028401756,0.2801445907565195,0.23315259488768397,0.10760392460624839,0.08184869610121354,0.07745933384972889,0.046281951975213016
2020-06-27,0.004026255244282041,0.0024022195154960076,0.0011503586412234402,0.004939775341724185,0.0,0.01674786845310597,0.053119501962376504,0.14237379889024226,0.2586953579645419,0.43344836919745566,0.7714846393287319,0.9394031668696712,0.9931655163080254,1.0,0.9663689267830559,0.9614629855190148,0.7748003789416701,0.6207876573284612,0.33472053051833806,0.19803085667884693,0.09947218838814453,0.07206658546488023,0.04875490594126404,0.036303965353904455
2020-06-29,0.01766431924882629,0.0035211267605633804,0.0,0.003403755868544601,0.0067488262910798125,0.0284037558685446,0.09401408450704225,0.21625586854460094,0.3029342723004695,0.4054577464788732,0.8291079812206573,1.0,0.9609154929577465,0.9370892018779343,0.9551643192488263,0.8548708920187793,0.8404929577464789,0.5859741784037559,0.35539906103286384,0.17288732394366196,0.12922535211267605,0.08568075117370892,0.03791079812206573,0.0392018779342723
2020-07-10,0.009895072386771151,0.02098552264576969,0.00790277593305884,0.0019922964537123122,0.0,0.018860406428476556,0.09901713374950193,0.23900916456368707,0.315048479213707,0.42748040908487184,0.6542701553991234,0.8193651215300837,0.9262850312126445,0.9410280249701155,1.0,0.8528357019524505,0.7351573914198433,0.5438969318634613,0.31338823216894673,0.24213042900783638,0.1869438172400053,0.14337893478549607,0.1020055784300704,0.07929339885775004
2020-07-12,0.011658757146593923,0.009341952841822054,0.0,0.00048578154777474686,0.012929262733081724,0.03023055939613617,0.05470647584170995,0.12768581144202384,0.23519300474571203,0.39748140951384475,0.7061395314076454,1.0,0.9667800156944808,0.9370726056574866,0.9933485295766227,0.9730204401928179,0.714248346474347,0.5609655842457307,0.332947199282538,0.10264937782594073,0.08583386271066104,0.0672620604611188,0.03632151264900415,0.026531146070774635
2020-07-15,0.06394557823129252,0.016254923021840315,0.0,0.01066953097028285,0.008664518438954529,0.04597207303974221,0.12710347296813462,0.2880773361976369,0.38138202649480846,0.43616183315431434,0.8213390619405657,0.7357679914070892,0.46365914786967416,0.9726459004654493,1.0,0.8764769065520945,0.6924453992123165,0.5752237737200143,0.34035087719298246,0.2050125313283208,0.12631578947368421,0.08449695667740781,0.05793054063730756,0.04403866809881848
2020-07-16,0.0026121902210314804,0.019490957803081046,0.0,0.011587407903549899,0.004956463496316142,0.016610850636302747,0.10026791694574681,0.19665103817816476,0.368251841929002,0.3886135298057602,0.7686537173476222,1.0,0.9219691895512391,0.9354989953114534,0.9115874079035499,0.8176825184192901,0.7860683188211655,0.663027461486939,0.3939048894842599,0.2307434695244474,0.13958472873409244,0.10408573342263898,0.03663764233087743,0.01808439383791025
2020-07-17,0.047185237094136884,0.013373043681382854,0.0032118663863583276,0.0,0.001051156271899089,0.02090633029665966,0.09746554543330997,0.20853772483064706,0.3304134548002803,0.41941135248773653,0.8340925017519272,0.9249591217005373,0.9541579070310675,0.9862765708946508,1.0,0.8088063536556879,0.7019971969166082,0.5736977341742584,0.3512613875262789,0.16695865451997197,0.11574398505022192,0.12718990889978976,0.09010745153001636,0.053083391730904
2020-07-18,0.010233354742025262,0.0,0.0050524512952258615,0.0030400342539070864,0.0058231642046670945,0.018111753371868978,0.04350246199957183,0.14399486191393707,0.21836865767501606,0.3692999357739242,0.6776279169342753,0.8171697709269964,0.9705844572896596,0.9142367801327339,1.0,0.9621922500535217,0.8143010062085206,0.562663241275958,0.331192464140441,0.18008991650610148,0.11886105758938129,0.09813744380218369,0.08190965532005995,0.08212374223934918
2020-07-19,0.051193974258163306,0.024458883416794273,0.021313578611927328,0.0026072921408765467,0.0,0.012953689525307288,0.06166452841120722,0.1236187559491785,0.20167197781732402,0.3610064975375574,0.7952241029673468,0.8988536191698051,0.9739270785912345,1.0,0.9893225178992675,0.9032818772503415,0.9009228986466912,0.601870628647105,0.3447419608492323,0.16442494723337334,0.11563133716839796,0.08467491619418119,0.07221785374332658,0.04146836071679841
2020-07-20,0.02772522669450062,0.004566507926153043,0.0,0.0007175941026811925,0.005349337856350708,0.03587970513405962,0.11351033987866137,0.23935025115793593,0.3546871942070585,0.5017287494291865,0.7785896014090938,0.9699262835149064,0.9990214625872529,1.0,0.9630765216256768,0.8172744471263618,0.7370996151086177,0.52182138430426,0.35083828038358666,0.20731945984734818,0.14221410398590906,0.11461934894644138,0.07312936264596516,0.03698871420183965
2020-07-21,0.0202362041577457,0.0031770149872228743,0.0,0.007113750949651219,0.021410318392154154,0.03840044201947648,0.12680433731611299,0.26030803232267424,0.35630913737136544,0.4632916637889357,0.7796118516472132,0.9531044961668623,0.9192623799986187,0.9754817321638235,1.0,0.8753366945231025,0.7919745838801022,0.670142965674425,0.3333103114855998,0.2025692382070585,0.17991574003729538,0.1542233579667104,0.08729884660542855,0.07666275295255197
2020-07-23,0.0,0.0041979839621930064,0.00495211281767678,0.01211633694477263,0.0414268117945753,0.1213644704758553,0.10708629747869586,0.17528468364294514,0.44609235564716826,0.6463638420351424,0.8024685151202835,0.9510821749076193,0.9531685980744576,0.9807445765566476,1.0,0.8496015685880194,0.7231090218948745,0.5446821346874136,0.33387798195118273,0.19464065760036198,0.1088710691033408,0.07030994695960383,0.030894145446318595,0.032628641813931276
2020-07-24,0.020541434908118,0.007762444553967472,0.001003309160036612,0.0001408153207068929,0.0,0.013289445891713018,0.03173625290431599,0.08320425262268535,0.20379497289305076,0.43362317820178836,0.7967858903048651,1.0,0.9393438006055059,0.9314053369006547,0.9863585158065198,0.8827184397662465,0.8241744701823558,0.5817960994156164,0.3412131239878899,0.1855769907765965,0.13305287615292544,0.061888333450679435,0.02638527071745406,0.01645779060761811
2020-07-25,0.015630662189259053,0.0016186311695214166,0.0,0.004928369531080134,0.00048317348343922885,0.011572004928369531,0.03966854299036069,0.06827241320996304,0.20730558306960115,0.42139975358152343,0.8484767955934578,0.9777015437392796,0.995627279974875,1.0,0.9270166453265045,0.8965525571956611,0.7782958471239099,0.5443674051168071,0.3436088227478076,0.19247215712801682,0.13584422486893918,0.05525088783127582,0.02966685188316865,0.03065735752421907
2020-07-31,0.03735456215554195,0.013778322106552358,0.0,0.002449479485609308,0.0064809144723412945,0.022351500306184935,0.07583180240865482,0.201316595223515,0.3140947132067769,0.370075525617473,0.6745254133496632,0.9387119820371504,0.8809450908348643,0.8922229026331905,1.0,0.9253929373341498,0.7151969789753011,0.576137987344356,0.42523984486629923,0.25602163706878955,0.13681363543580322,0.11772810777709737,0.07363747703612983,0.05353133292508675
2020-08-01,0.019542362399505256,0.0020408163265306124,0.007266542980828695,0.0,0.0031539888682745824,0.00816326530612245,0.04264069264069264,0.10785405071119357,0.2623685837971552,0.4074211502782931,0.6022263450834879,0.8183982683982683,0.8893630179344465,0.9418058132343846,1.0,0.8357761286332714,0.7625541125541125,0.5391465677179963,0.33648732220160793,0.1787878787878788,0.09990723562152133,0.05797773654916512,0.06205936920222634,0.055040197897340756
2020-08-02,0.023872104888833914,0.013513095643031634,0.0021027242648195676,0.007390457342527598,0.0,0.01054454373975695,0.037787191935434,0.10996011008379974,0.26741705061999443,0.46525866600698845,0.7907480132347939,0.9148396672748075,1.0,0.9995670861807724,0.9974025170846347,0.9061504684745972,0.718822474411701,0.5098797118030861,0.2678808868548811,0.13420328396054299,0.08967500541142275,0.04579609759114382,0.027180803364358824,0.022233216858901016
2020-08-06,0.008044692737430168,0.013482309124767226,0.0007821229050279329,0.0,0.004878957169459963,0.008864059590316574,0.050837988826815644,0.13277467411545624,0.27579143389199257,0.3553445065176909,0.7281564245810056,0.9367597765363128,1.0,0.8866666666666667,0.9466666666666667,0.9395158286778399,0.7445065176908753,0.5562383612662942,0.3381005586592179,0.1528119180633147,0.10379888268156424,0.07791433891992551,0.054823091247672255,0.04957169459962756
2020-08-07,0.03602221995024367,0.017107998500494156,0.002010701018982381,0.0,0.003407967828783696,0.015744811368980677,0.053675493303343216,0.11720001363187131,0.2699451317179566,0.4391848140953549,0.7879221620147906,1.0,0.9808131411239478,0.9226050506083222,0.9706233173158846,0.895682104760931,0.7111747265105818,0.5144668234331868,0.3510206863647207,0.19323177589203558,0.0985584296084245,0.06805711754081041,0.03704461029887878,0.038646355178407116
2020-08-08,0.00476104691561366,0.009136063000231618,0.02455156085132666,0.0,0.006562524126926937,0.017551535115937926,0.053864168618266976,0.10294155493218725,0.2767583704351854,0.42447950176287413,0.8500656252412693,0.910904084206192,0.9997426461126695,0.9875440718532054,1.0,0.9586432303059937,0.830120698973158,0.6424839797205136,0.3616336824767738,0.18907790102169494,0.15896749620403017,0.07787528630619965,0.0641583241114857,0.05813624314795275
2020-08-09,0.00865265760197775,0.0052167354549454235,0.002702646079068111,0.011606712618633592,0.0,0.01083153506107142,0.0372294735077832,0.08130984056483208,0.21977331294127506,0.46759967316838114,0.8571997234501687,0.9830089459680291,1.0,0.9686995872703275,0.9844545473591586,0.897110892292221,0.7842701808049276,0.6414070520206994,0.35211916783641656,0.18572835264293647,0.116926106723094,0.046091638557750725,0.017158659990362656,0.02013366575181748
2020-08-10,0.017016034741940873,0.013988642057791883,0.007954735259729414,0.0,0.00077250709871388,0.00918657090362452,0.03062886253549357,0.09119759478870887,0.22442375146149993,0.43863788207783533,0.793531818941039,0.8611157507933856,0.8603432436946717,0.8783196926674461,1.0,0.8654584934023718,0.7658677133789878,0.5249498914314348,0.31616418907633204,0.15780023383998665,0.08570653081676967,0.04833389009520628,0.030921162518790714,0.02077417738433272
2020-08-11,0.011768140678689334,0.016035214588901118,0.014934758685741236,0.0,0.004963280706088441,0.01857300065129023,0.046690771891212075,0.10160127563051631,0.20751454173872033,0.3967929570822198,0.794933411188717,0.9719720618950299,1.0,0.9711411053967256,0.9718597704763402,0.8808363464864015,0.6907494329283356,0.5025939317717341,0.3112044377568666,0.17389449098299908,0.09320187751252049,0.05439396321333124,0.04192961573876525,0.033148426797224156
2020-08-12,0.014812436943960379,0.0017426396404659269,0.007108135375584701,0.0,0.012106759607447492,0.012221406952214986,0.03707695129780794,0.09894065853434834,0.21111162065486563,0.357241126295515,0.7511235439787215,0.9235302210400808,1.0,0.8547418141795836,0.8856736677978538,0.8409382738695772,0.7211317985875447,0.5787397963863157,0.3474273135834174,0.1499816564248372,0.09437769421260203,0.05528294964688618,0.05404475832339723,0.041250114647344766
2020-08-13,0.021654156974652887,0.006954269681782211,0.00877676794321479,0.0,0.006330783434450013,0.023068991151291338,0.03577851850075538,0.09640056593367066,0.2583391285580682,0.4000383683844512,0.7607491427064099,0.9727824272799214,1.0,0.9773386729335027,0.9798805784033956,0.9196901752955564,0.8014196302246949,0.6246133186254527,0.42236397208700033,0.19706961463753866,0.09354691734011175,0.06347569602647418,0.04412364211889403,0.024148101963981677
2020-08-14,0.007902041547277937,0.014371418338108883,0.008170666189111747,0.0,0.005193409742120344,0.01488628223495702,0.0407637893982808,0.08260207736389685,0.23842675501432664,0.42359867478510027,0.7623791189111748,0.9567738180515759,0.9826065544412608,0.9208676575931232,1.0,0.9752641475644699,0.7622224212034384,0.5816618911174785,0.4181590257879656,0.21494448424068768,0.09242926217765043,0.052695200573065905,0.05018803724928367,0.024825393982808024
2020-08-15,0.02836780970891758,0.029131380443333795,0.0,0.0014808644546253876,0.00303114443056134,0.021819612198620945,0.048822249988430745,0.11240686750890833,0.25327409875514834,0.45018279420611784,0.8130640011106484,0.8888194733675783,1.0,0.9906057661159702,0.9505298718126707,0.8982599842658152,0.784487944837799,0.6294599472442038,0.3511268452959415,0.18510805682817344,0.13890045814244065,0.07531584062196307,0.06011384145494933,0.034846591697903655
2020-08-16,0.03172941856942187,0.031867133059740545,0.01806814112980968,0.010328586773900349,0.0,0.01052138706034649,0.04015754537692456,0.11840691877599362,0.24708733852976011,0.46117828517916654,0.7487261409645523,0.9399289393229956,1.0,0.9908006720467127,0.9908006720467127,0.8611287079626518,0.7831547635442201,0.4778968243038533,0.28845677142148896,0.15941829399289392,0.10312061035062109,0.06610295535296223,0.05337813644751701,0.05847357258930785
2020-08-17,0.04719421893121599,0.03461504148452137,0.004371487197787492,0.0,0.003955155083712493,0.01840782704374461,0.04472596425491421,0.10890058583876051,0.27296517679245846,0.38974633479049575,0.7237041662949416,1.0,0.9448954709013591,0.9818300770214411,0.9657715526214055,0.8762006720789841,0.7416064472001666,0.494453861480358,0.35025425996966725,0.15835489338924078,0.08576441549944985,0.05513426710678919,0.051684658161596335,0.024712284771166028
2020-08-18,0.006894597657725727,0.0,0.0067371867522981995,0.027767283717415943,0.023517189270872686,0.014954036015615162,0.035763757713134364,0.11594887293791714,0.22560130965873315,0.3409520211560257,0.7655836796373253,1.0,0.9888867900768166,0.9454728623599042,0.9692733912605466,0.8855937539352726,0.758342777987659,0.5792406497922176,0.3191663518448558,0.16877597279939555,0.09570583049993704,0.08459262057675355,0.03362296939931998,0.03906938672711245
2020-08-19,0.02143575559466935,0.010340709077193864,0.0,0.01873271310032688,0.022347246668342972,0.012352275584611517,0.04180286648227307,0.1172051797837566,0.22410108121699773,0.34655519235604726,0.7346932361076188,0.97051797837566,1.0,0.9791928589388986,0.9725924063364345,0.8674251948705054,0.7767161176766407,0.5599698265023887,0.33027407593663566,0.15027030424943424,0.12132260497862711,0.06182423937641438,0.04447447824993714,0.04777470455116922
2020-08-21,0.025027239409647704,0.012249479974906725,0.0,0.002740449697890184,0.0015518209132631162,0.014362597814243734,0.0387955228315779,0.10080232442962327,0.25502690923498533,0.351470928120976,0.7009938257338132,0.888599068907452,0.994849275266616,1.0,0.9563178921649552,0.825007428929904,0.7541519463796348,0.6278601380130089,0.35823950870010235,0.2013405091293294,0.08637369168290025,0.05160629973255852,0.06028989335358405,0.08142107174695414
2020-08-22,0.06378761654848976,0.01376249232315337,0.028446206241974206,0.007956004689855396,0.0,0.013622913293506783,0.03735134833342638,0.10180894422421975,0.2260621964156105,0.3941432639160293,0.7508235162749148,0.8648037518843169,0.9563955111384066,1.0,0.9408743230417063,0.8643012673775892,0.7202277929763832,0.5315169448941991,0.32672659259672826,0.1701468371391882,0.0794483836748367,0.055971190888280946,0.05619451733571548,0.09563955111384066
2020-08-24,0.009174311926605505,0.00043847814355099836,0.0,0.006374797625472208,0.0008094981111710739,0.01264840798704803,0.04276848354020507,0.1375134916351862,0.19758499730167298,0.3473421478683216,0.8027185644900162,0.9726794387479762,1.0,0.9511265515380464,0.9935914732865623,0.8490960604425256,0.7608270372369131,0.5309633027522935,0.32292228818132757,0.19390852671343767,0.08867377226119806,0.0605774419859687,0.062938478143551,0.03969913653534808
2020-08-26,0.013928931188995797,0.013407898850255305,0.028413630205981453,0.016603563861196984,0.0,0.015353086248219806,0.04161311612074056,0.12991072979262913,0.22630171245962,0.3156066553197402,0.72767376428497,0.9594984195352392,0.9866615721282435,0.9433464170342839,1.0,0.886414950154573,0.7524054326305186,0.5430546389245893,0.3197749140296641,0.17649102087602903,0.09361214352704157,0.07252770155267636,0.0728055854666713,0.07416026954739657
2020-08-27,0.04186994829971601,0.007026869584213209,0.0052792543508337585,0.0,0.02428457001383529,0.0417971309983252,0.06189470618218889,0.133692565353528,0.20982305395762033,0.33616107187067645,0.6989732760503896,0.9338454816864487,0.9488458457729556,0.9290031311439598,1.0,0.8313915386295784,0.6895070268695842,0.5620767494356659,0.34981431588145345,0.16536809145853054,0.0842496177091677,0.05672467778344135,0.04656666423942329,0.04048641957329061
2020-08-28,0.022461558012453933,0.006957682043461685,0.0,0.0014296606938619901,0.0012708095056551023,0.017251239039268014,0.03253272334477062,0.1310522302706824,0.2318909645444148,0.32113356207904437,0.6837908247553691,0.9286122760198247,1.0,0.9648621171686365,0.9320752319227348,0.7885690684966323,0.7277290634133944,0.6185982971152624,0.3523319354428771,0.1598042953361291,0.0738975727538442,0.07113356207904435,0.10995679247680773,0.06716228237387216
2020-08-29,0.013324856961220597,0.031252383979656705,0.001652892561983471,0.0,0.004119516846789574,0.014214876033057851,0.036694214876033054,0.07799109980928162,0.19323585505403687,0.40297520661157027,0.7526001271455817,0.8226827717736809,0.9678321678321679,0.9292307692307692,1.0,0.8962746344564526,0.7421741894469167,0.6143165924984106,0.32467895740623015,0.16096630642085188,0.11506675143038779,0.06006357279084552,0.052638270820089005,0.04511125238397966
2020-08-30,0.01051699901077732,0.005805175196542927,0.007262977039620972,0.0,2.6032175769250796e-05,0.014890404540011453,0.054225022127349407,0.09926068620815327,0.25925443848596863,0.4369240381111053,0.7796636642890613,0.9450721091268808,1.0,0.9735773415942105,0.8872286145676056,0.8373249336179518,0.7184099547040141,0.5679700109335138,0.3263393554433279,0.15616702243973551,0.1295100744520227,0.04818555734888322,0.04003748633310772,0.013068152236163899
2020-09-01,0.030531934141487246,0.03333634883300163,0.012936493576985706,0.007915686629274471,0.0,0.017007418129184007,0.033472046318074905,0.15428804052831555,0.23208793197032748,0.3612267052650624,0.7276099149629094,1.0,0.9651257463361679,0.9470327483263977,0.9984620951691695,0.8924823593269404,0.8097068934322417,0.6510765333815813,0.299212954586575,0.16704360412520355,0.10254206622037272,0.07870454134250045,0.07838791387732948,0.05183643929799168
2020-09-04,0.01891960070633176,0.024541424916213198,0.02446935024685574,0.005621824209881437,0.0,0.01524379256910159,0.05654257811092291,0.15431186709430972,0.22271072831453387,0.35500378392014126,0.7878842480810119,0.9901978449673862,1.0,0.9395293524090959,0.9790983458863383,0.9360337309452593,0.8278136149050416,0.6613211286893221,0.383040830300191,0.1881509243576345,0.09737287830192079,0.0936610328300119,0.06266892500630654,0.06584021045803452
2020-09-09,0.018068512850768832,0.014934178988900771,0.01124672738670305,0.005715549983406468,0.0,0.01283233157564807,0.04771562373243851,0.14794055828017258,0.22445517902577528,0.3807293779269147,0.736236586894797,0.9869095468121981,1.0,0.873815406172794,0.9508093956266824,0.8904826874147277,0.836461521442531,0.6113057266123382,0.40742652752682623,0.1807220030237103,0.09277628231129466,0.08643386555551458,0.0750765146207456,0.0755558833290313
2020-09-11,0.016736271270959297,0.0084772174780278,0.0012778158698497786,0.008539549959483887,0.0,0.004082777535373683,0.030355918469114257,0.10499906501277816,0.22439693324191237,0.37016144112697125,0.7228386212055102,0.9968522096864676,1.0,0.9710777286043757,0.9391946643395873,0.9235803777348376,0.8221965966465125,0.6184005485258368,0.37237424421866233,0.17880072305678488,0.08514616966901452,0.06093000062332481,0.051299632238359406,0.06532444056597893
2020-09-12,0.03578977848559432,0.0215433618068626,0.014014767627045026,0.020008686839438253,0.0,0.007123208339365861,0.020819458520341682,0.06335601563631099,0.1903286520920805,0.4186767047922398,0.7337773273490662,0.9054003185174461,1.0,0.9128420443028812,0.9747792094976111,0.8683364702475749,0.8134356449978283,0.5266541190097003,0.34333285073114234,0.1298682496018532,0.09711886491964673,0.048414651802519186,0.03500796293615173,0.04844360793398002
2020-09-14,0.0005498162456231733,0.00046300315420898805,0.0008970686112799144,0.008160430592933414,0.0,0.0043695922678473244,0.04033914981045808,0.10892149202766443,0.21228694620482103,0.32922418033972856,0.7069479410828486,1.0,0.9994501837543768,0.9441791822206789,0.9245883612582111,0.8698961136672744,0.730098098793298,0.5517840090285615,0.2988685360419018,0.13403941314350204,0.07043435483404231,0.05935121683016466,0.02396041323031513,0.026593743669878753
2020-09-15,0.017530974581683484,0.02832417933324818,0.015104100140503257,0.005971388427640822,0.0,0.014433516413335037,0.03493421892962064,0.12159918252650402,0.2218993485758079,0.3586984289181249,0.7651360326989398,0.9870992463916209,0.9919529952739814,0.9877698301187892,1.0,0.8721420360199259,0.7170136671350109,0.5692617192489462,0.33583471707753226,0.14241921062715546,0.07545663558564313,0.07532890535189679,0.04706859113552178,0.04381147017499042
2020-09-16,0.042457982453049575,0.030900954864169692,0.013107360558119868,0.0039463021035199605,0.0,0.007786899686409922,0.03791268806595962,0.13350480955568866,0.20383355061484795,0.30971424544589693,0.6958880941474931,0.9662097882386104,0.9444698918290405,0.9708607871463303,1.0,0.9821711708537402,0.7701631373101723,0.6175610443606638,0.36122758183291637,0.2104929354145379,0.13494943800429865,0.10806525492406892,0.07579014129170925,0.05299319967583947
2020-09-17,0.024275522444598775,0.0,0.005840015152471747,0.00375655028726561,0.001483679525222552,0.015783824736410126,0.03346170844118947,0.11279121156638677,0.1801565755413852,0.32315802765326096,0.7001704653071532,1.0,0.9548582612538671,0.8956373508428562,0.9330134478186755,0.7882757749857946,0.7300965970073868,0.6124123997727129,0.4072542458488541,0.1909527116610897,0.07295283793168761,0.05821074562788055,0.0202664309615506,0.0224445987751752
2020-09-19,0.0133358063618659,0.007029583603820829,0.005823982194194566,0.0,0.00037095427988500417,0.00031531113790225356,0.01869609570620421,0.07348604284521933,0.20881016414726886,0.40068626541778724,0.7136789390707595,0.9038301029398127,0.994880830937587,0.9616989706018734,1.0,0.932690345914866,0.8491885375127516,0.6512844291941018,0.3701567281832514,0.15587498840767874,0.10012056014096263,0.04334600760456274,0.02930538811091533,0.03288509691180562
2020-09-20,0.03222454909982305,0.0019156155132388512,0.0,0.0018344453643727983,4.870208931963181e-05,0.00483774087241676,0.019659410055358043,0.0603094206074774,0.18334713225864055,0.43388691374859983,0.8311336222990633,1.0,0.9964447474796668,0.9560707154336922,0.9176447669605026,0.8950469975161934,0.8538774980113314,0.6925599441549376,0.4337570415104141,0.24031234273283658,0.131349534895047,0.062257504180262664,0.033409633273267424,0.023230896605464374
2020-09-21,0.01879981012816349,0.009481100257326305,0.00033727234116971044,0.0,0.0024233642291453267,0.010268069053388963,0.025845054588152998,0.07508681639893072,0.21654133459914557,0.4738926224798261,0.8096285007619857,0.9602643215829315,0.9792390136657756,0.9929797386763934,1.0,0.9473980063457167,0.796474879456367,0.7463587078721863,0.44559922052614487,0.2503685012616484,0.1390811202438354,0.08323131885976966,0.04061008819047143,0.022359907062732654
2020-09-22,0.026499607886049863,0.03355765898852839,0.02128358045631121,0.0,0.005179551713446773,0.022231949079900056,0.03800769637613759,0.09523809523809523,0.25822983348835515,0.5569659499188415,0.9192610019879265,1.0,0.9908810709270304,0.9817803797122066,0.9683208404005034,0.9000930130765443,0.810308037424085,0.5738542065619814,0.343655961043935,0.17570352537797962,0.10474001933212963,0.04749138261202605,0.024238113475953383,0.008207036165672704
2020-09-26,0.014390158988046884,0.00471161657189277,0.013113612626204016,0.010119531159336196,0.0,0.004479517233375885,0.019519554369270047,0.08039921086224905,0.20457235696878265,0.3842636648485552,0.7449692468376465,0.8386213299292097,1.0,0.942996402460253,0.9691307879772543,0.9173494255541371,0.6679122664500406,0.5238482070326099,0.3096669374492283,0.17219449924567715,0.0930254148775676,0.049762098178020193,0.04665196704189393,0.03488453057908785
2020-09-28,0.006961299442562611,0.004694209585789347,0.0034673138985944043,0.0,0.0016002987224281865,0.014829434827834529,0.052649827967887336,0.12364974795295122,0.2583682287360307,0.4099965326861014,0.723655082282026,0.9348144987064252,0.9755421011922225,0.954338143120049,1.0,0.8847784919851706,0.7614754754220788,0.6347584882511402,0.33235537300296053,0.18582135331928626,0.08212199610593977,0.0737204278131918,0.042914677406449206,0.03320619849038487
2020-09-29,0.028613374880153402,0.018815915627996165,0.010426653883029722,0.003026126558005753,0.0,0.01291347075743049,0.052642617449664426,0.1295841323106424,0.20802372962607862,0.41514860977948226,0.7136265580057526,0.9209012464046021,1.0,0.892347794822627,0.925934803451582,0.8263422818791947,0.755782598274209,0.5591143336529243,0.30273250239693195,0.14336649089165868,0.07580297219558965,0.07781040268456375,0.06067233940556088,0.05800575263662512
2020-09-30,0.02233586523275927,0.012484018951643227,0.014288937354290442,0.01282244115213958,0.0,0.019666090095510267,0.05734376175077085,0.15683988869669852,0.266639091524404,0.40400090245920134,0.8363540648266526,1.0,0.9217868692186207,0.9105437316687974,0.9043393246596977,0.858877942393021,0.750394825900579,0.6067158005565165,0.3245468902760021,0.1625554636384147,0.11006242009475821,0.08735053019478078,0.06426261562758517,0.05602767541550726
2020-10-03,0.03312471692675094,0.01029357269321036,0.010952361345575822,0.0143080660435624,0.0,0.005496767818174332,0.03810680611026475,0.08930703668629308,0.2072713797504838,0.4028080866307078,0.7230617202618684,0.8636513361057356,0.9347593362704327,0.9414501585210194,1.0,0.9432000658788653,0.7720591262815498,0.6244698810062996,0.3340264338946762,0.12323465228311442,0.08881294519701897,0.051117881994482646,0.049388561782023305,0.029563140774900153
2020-10-04,0.010793422361431505,0.003767116039872172,0.008761719328691455,0.0,0.00014814501280396183,0.010285496603246493,0.039575881991915515,0.09352183022581533,0.21766735095553533,0.40439355780830033,0.7859727836447906,0.9874076739116633,1.0,0.9710059046369389,0.9514084358003005,0.8339082770735011,0.7803856003047555,0.6455948022264079,0.37347357727878777,0.14410277031173943,0.07462275930668134,0.035364330913631455,0.02556559649531227,0.006624198429662864
2020-10-07,0.04947090830189939,0.035851386988016154,0.030844210034382615,0.03207931368294555,0.0,0.01575591681410021,0.05357679340387889,0.12007210334813233,0.23183229295323296,0.37230029709249923,0.713422572353707,0.9368094268451447,0.9737623927629603,0.8793270354174316,1.0,0.8699803051039824,0.7380912641452749,0.5131021130286745,0.29889508295223155,0.16527022064959776,0.08171712788329939,0.04342891477784825,0.03545081283172547,0.029442200487365223
2020-10-13,0.015845719199115586,0.005220488883429554,0.003685050976538509,0.004575604962535315,0.0,0.0037157597346763297,0.039921385579167176,0.12114605085370347,0.1949084879007493,0.3382569708880973,0.7002518118167301,0.90431150964255,0.9829873479916472,0.9969598329443558,1.0,0.8659562707284117,0.7867890922491094,0.5368505097653851,0.27622527944969905,0.1271649674487164,0.06470335339638865,0.045878884657904434,0.02736150350079843,0.04262375629529542
2020-10-14,0.025515119495291668,0.012804176896541007,0.014078378966342418,0.012338005407589272,0.0,0.010877334742207166,0.030114678186282128,0.104298101128135,0.17966249184199895,0.34732883736830655,0.7586474811200546,0.9694502284240296,0.9766914255524132,1.0,0.9398327998259627,0.8784535537806508,0.7832302576374429,0.5074432047735961,0.27640861484911583,0.13801783882897722,0.08375547751499518,0.06750163160021133,0.03312925381483668,0.053361096435342016
2020-10-16,0.012993827931732427,0.00759639171393588,0.0009745370948799321,0.007821284889677402,0.022539293835428173,0.0,0.0243634273719983,0.08910767385491891,0.19790599465254005,0.32589519978010445,0.6638596666583373,0.8460231390089707,0.9434768484969639,0.9408780829106175,1.0,0.8757340263374896,0.7850521002523801,0.5004622804168021,0.24748244583822684,0.13671006272020791,0.07244059071940828,0.06104600314850446,0.05417426722306904,0.05467402983582798
2020-10-17,0.054740659251110296,0.04050034633092939,0.016542394980238764,0.0,0.009452797131565008,0.006213584321395103,0.019455649268630568,0.05292751497371959,0.16179766124760625,0.35081285906368415,0.7449782015238561,0.8761561341319317,0.9128875850548018,0.93554170231838,1.0,0.8522593000040745,0.746832090616469,0.5168072362791835,0.28619158212117507,0.12170476306889948,0.09729861875076397,0.04667318583710223,0.025709978405247934,0.01291610642545736
2020-10-21,0.042369721264099935,0.04773002703458563,0.03985270811969796,0.02053230166868649,0.0,0.01496224480283397,0.023305677262981262,0.07371585718280974,0.15668406823902303,0.3242285820825953,0.6671483173301016,0.9206441689195488,1.0,0.8952875920574251,0.9828470215344458,0.8731471986575929,0.7679220658152326,0.5425794723594668,0.27717441968863615,0.10671669618719119,0.04847580870700102,0.042905751841148504,0.024704017898760137,0.024121375967185606
2020-10-24,0.007001057937643911,0.0021625490074055633,0.00015557906528097578,0.0008401269525172692,0.0,0.014639990042939822,0.02598170390192296,0.07788288007965648,0.23143941751197958,0.4511326155952455,0.7446480801543345,0.9010672723878275,0.9406621445018358,0.9646991100877466,1.0,0.9596427904661149,0.8821955317692451,0.6379363992781132,0.3284896384342523,0.16461820897380047,0.11304374883315702,0.053705893334992844,0.04043499906652561,0.03503640550127575
2020-10-25,0.01793006542644282,0.00598644633421642,0.0009221176505027737,0.002283338944102106,0.0,0.006908563984719193,0.024267794675136487,0.0876011767977635,0.21164795597254138,0.4636934471099662,0.7942653064211589,0.8802271629513619,0.9352322126432575,0.9261720408073653,1.0,0.8748554617174807,0.7184321072583832,0.494342881398106,0.30470865473280545,0.1162746446919688,0.07280338402540946,0.030854349321584873,0.00961636978381464,0.010948317501207535
2020-10-26,0.011475147194296471,0.004726238634998198,0.0,0.0003404493931990227,0.0028237273200624824,0.010874354147474667,0.030620418953017984,0.09616694036127689,0.19305483237873994,0.3737934072976329,0.7062522529739256,0.9419633916770137,0.946409260223495,0.9026915528497617,1.0,0.8395081507590019,0.7655905795650259,0.5591380622421597,0.31709857011254855,0.12117995754395802,0.0651459927103777,0.04541995433972844,0.028317378940201067,0.030279969559818962
2020-10-27,0.009183846098073808,0.009425526258549435,0.006839548541460232,0.00509945138603572,0.0,0.01401744930758634,0.04043309084757232,0.107040143074655,0.166058438262803,0.3493728399835658,0.6735384392295236,0.9189646421925224,0.9935229716992532,1.0,0.9942721801967277,0.8587137781859487,0.7689779346013486,0.5513691181090944,0.2957440123740242,0.1426879667448099,0.07600841046958455,0.0449766778645141,0.036542040263914735,0.0399980665587162
2020-10-30,0.015804130888837316,0.010814574147133906,0.004641448131817127,0.0038524019494082153,0.0016012996054769089,0.0,0.023764214434903688,0.10229751682524947,0.19004409375725226,0.35544209793455556,0.6869575307495939,0.9089812021350662,0.9598978881411,0.9644233000696217,1.0,0.88426549083314,0.748781619865398,0.5212114179624042,0.26516593177071246,0.13766535158969598,0.09689022975168253,0.04690183337201207,0.03870967741935484,0.032652587607333486
2020-10-31,0.013207069997470986,0.017717143900862674,0.010073903391687976,0.0030207660100598534,0.0,0.008289543934582854,0.028830752802989856,0.07394554191137213,0.22038946806418075,0.4681765813358811,0.7489813696012589,0.8749824374069183,0.9832101610138534,0.9759322224407789,1.0,0.9319835895130244,0.8504791075392699,0.6258746171354708,0.3516593137943631,0.13901143676061484,0.1145783572652935,0.06502374462584652,0.041953522353668476,0.031205215387641556
2020-11-01,0.012562198200848102,0.007304458661176067,0.007574086329877197,0.0009682084466995123,0.0,0.009596293845135672,0.02902174179473981,0.07411084148344241,0.24496899281809936,0.46307326519106795,0.8004510135549182,0.9244552295511925,0.9991175821751599,0.9955756550726769,1.0,0.909478638135157,0.7233620119126406,0.5527367208373165,0.2979630855209942,0.13146800009804643,0.06920852023433095,0.03532122459984803,0.029597764541510405,0.01166752457288526
2020-11-03,0.02748881093504294,0.016345107052134995,0.012338212168864158,0.021712834159912906,0.0,0.006244707874682473,0.0237692028547236,0.057910971331801134,0.18779484698197654,0.4230978589573001,0.8435194145397363,0.9060874561509616,1.0,0.9615186887625499,0.9883573243014394,0.8625710656828354,0.6892766420708842,0.5943510342324906,0.3112223297447684,0.12816015483246643,0.1058273859925003,0.04015967098100883,0.02340631426152171,0.024600822547477925
2020-11-05,0.012560037403833893,0.008904662727929613,0.00943596718663663,0.006758192714753262,0.0,0.010158541250478175,0.031283206528669186,0.0982063161474051,0.20465847749394314,0.35916181408594383,0.6840438644961109,1.0,0.9570493475581247,0.9068942066561823,0.9402176223062864,0.9038976495090747,0.7499893739108259,0.5394227908360607,0.26892506481914397,0.12526033918476645,0.05572321162919199,0.03755259914141199,0.018340629914566243,0.02038083903600119
2020-11-06,0.012936173595103727,0.00858437326126699,0.01977187822907559,0.008405532151657262,0.0,0.007451712900405373,0.030422859868055003,0.08814879580319529,0.19402273269215484,0.3780502344805659,0.7119863285907321,0.9664374850965742,0.9895874731738336,1.0,0.9952706462125427,0.9778634448771958,0.7533383673793816,0.516930291709721,0.2803235036960496,0.13778713933709563,0.0794650663699229,0.05275812733487004,0.03352277243462364,0.022871790795644227
2020-11-08,0.013677566425445434,0.012279701932278841,0.013559285583715953,0.0030322906697921484,0.0,0.006914052839277842,0.02680673985741782,0.07051688727835784,0.19736771363132938,0.4411660340433768,0.8000193550468284,0.954354347896214,1.0,0.9711609802255938,0.9383971870665276,0.8669448058581275,0.7431262701749481,0.47588683749287625,0.28370197529005686,0.10092581640662802,0.06206518349659674,0.033064871665286724,0.020860439359563006,0.011527005666727598
2020-11-13,0.012944875568637946,0.008044554455445545,0.007843858710195344,0.012744179823387745,0.0,0.0032613058603157613,0.03084024618678084,0.0843925608777094,0.19243377040406742,0.3933971099812684,0.6965145838908215,0.9132492641156007,0.9755987423066631,0.9252910088306128,1.0,0.8733777093925609,0.7765252876639015,0.5047999732405672,0.26003478726251006,0.10914503612523414,0.06755084292213005,0.05037463205780037,0.038734278833288734,0.03125836232271876
2020-11-14,0.017233201581027667,0.006120835686053077,0.004291360813099943,0.002292490118577075,0.0,0.006572557876905703,0.0304686617730096,0.0824505928853755,0.22581592320722754,0.465544889892716,0.7460643704121965,0.8779333709768492,0.9575832862789384,0.9704573687182383,1.0,0.9205759457933371,0.7636024844720497,0.5353811405985319,0.30032749858836816,0.1334952004517222,0.0903896103896104,0.05857707509881423,0.026109542631281762,0.02106154714850367
2020-11-15,0.011764849163916258,0.005322193669390688,0.0038241849249168788,0.0015954402075290164,0.0,0.009304704721772278,0.029205081050798328,0.08599544507910217,0.24485744559061734,0.5730675078249644,0.8537431950212523,1.0,0.8993898354626167,0.9585429124700093,0.990037632902605,0.8224555164476488,0.713064341302415,0.5215140849358779,0.3231070893568306,0.1220572653424107,0.07600872011594344,0.04077506728860417,0.02592894810556699,0.017586379081464883
2020-11-16,0.020904061902217934,0.008685611870336223,0.004877039998621331,0.0,0.0011201681975632034,0.008840712082306513,0.030796008754545297,0.09929860237475657,0.18241508263394626,0.4162889689282575,0.7701931859306874,0.9789925379564686,0.952384234925121,0.9903148534302997,1.0,0.9083357747255588,0.7421717476347217,0.5464352801282162,0.27930101504472055,0.13342064900822032,0.05819704620262981,0.048856566770641256,0.03591431574956486,0.02933117341927034
2020-11-17,0.022352658877383393,0.0114808867231482,0.012514535688576333,0.017165956033002933,0.0,0.008066153533787401,0.026782583014932537,0.10570906473226646,0.21328238920575152,0.3995237831552135,0.6806947597689056,0.8616202447533086,1.0,0.9618841943998375,0.9766690662089078,0.9369104970744042,0.7543976226073795,0.5282499953854957,0.24685752256492607,0.10677962973217417,0.055171013529726635,0.06835003783893534,0.04476069180648615,0.03898333241043247
2020-11-21,0.009032541561897322,0.004186705075311867,0.00573688450552938,0.00721382711227205,0.0,0.0031491834094182557,0.022263994336352316,0.08599223689671166,0.24011913189951908,0.48757415228376827,0.7744672021092205,0.8225715889949466,0.9972902375314308,1.0,0.9148988111222323,0.8715792300368626,0.8446280789981202,0.6650513878378048,0.3747284134462808,0.17525571857529967,0.11326074750384493,0.05983448477894685,0.03333496081829944,0.02886751458633401
2020-11-22,0.012418293521317344,0.013815078732853916,0.0070712251334039,0.001353135673676055,0.0,0.00979932124968627,0.026888115322079027,0.08361068977182204,0.23605670074968083,0.5469505341612195,0.7548860201442618,0.9199358351793451,1.0,0.9928523881753402,0.9591985944848809,0.9385196259234605,0.7668350811335785,0.5729656587260883,0.34405656980106725,0.19230895142897675,0.12661639694889731,0.04658496928163773,0.02700815155119545,0.011501653226246467
2020-11-27,0.033937140633781504,0.030327266438977995,0.02814404911158186,0.022891357917945613,0.010959318663265747,0.0,0.03235917167437638,0.10312999870303921,0.18864294669491158,0.37732912541610825,0.7257144092343608,0.9107042497081839,0.9575245341749168,0.9749038087415157,1.0,0.9046301500151313,0.7453849811940686,0.5039989624313692,0.26808179499373136,0.14785352989494618,0.07943884829881977,0.05094894297695733,0.038779127577709564,0.04541524361246812
2020-11-28,0.03622731509402928,0.0270848182466144,0.02272602664619771,0.027893524864301772,0.0,0.00773068698941828,0.024096715828718678,0.0644772191457865,0.1925818301441965,0.38663029771369045,0.7252864740391469,0.877062887219694,0.922418992269313,0.9501480344317123,1.0,0.8665908218652338,0.7962470530182576,0.48947310707823893,0.302483688798728,0.1228685783211799,0.07843083502385,0.046795328691265965,0.03238938538297056,0.04224464060529634
