,0,1,2,3,4,5,6,7,8,9,10,11,12,13,14,15,16,17,18,19,20,21,22,23,group
2020-01-20,0,0,0,0,0,0,0,0,0,0,1013,639,4355,8192,7570,6949,7207,13034,8137,4236,2970,2293,1498,1145,1
2020-01-21,533,571,430,409,492,1049,2028,5077,7327,11974,20144,25754,26227,28335,32116,25050,21650,15043,8477,4948,3468,2752,1920,1362,0
2020-01-22,573,588,403,415,505,888,1944,3831,7790,13326,22938,29947,29361,28132,30173,27520,23802,15762,7695,4377,3964,3172,1877,1395,0
2020-01-23,1058,999,536,490,605,1084,1872,4357,7587,12940,20748,22410,19264,22524,24391,19389,14058,11002,8688,4136,2516,2253,1647,1537,0
2020-01-24,1515,886,817,448,527,893,2182,3926,6999,13488,22683,30091,30346,32680,38276,28290,28281,19328,11084,6340,3491,3257,2143,1422,0
2020-01-25,819,1037,681,550,728,1104,1655,3475,9742,17489,32106,41822,38358,39657,43658,37605,31321,21740,12045,6343,4852,4427,2258,1774,3
2020-01-26,1217,1258,615,569,674,1257,2136,4201,9391,19310,34777,39571,42497,37841,36548,37840,28848,21605,12480,6568,4679,3365,2501,1401,3
2020-01-27,674,679,662,482,639,1057,2069,4728,7440,15698,28718,34508,33131,35868,35908,29552,24302,19172,10342,5540,4130,3670,2184,1508,0
2020-01-28,1951,1467,1405,910,1133,2020,2565,4745,7502,13394,27505,34733,27710,23765,23988,18886,15253,10274,6432,4083,2992,2166,1393,1995,0
2020-01-29,1461,1422,1376,1425,1288,1433,1958,4720,7484,12951,23391,28440,29929,30621,32547,26325,23577,18088,9543,4276,2800,2934,1330,1033,0
2020-01-30,670,493,508,503,645,961,1731,3723,6251,12529,22002,27534,26721,27370,29169,27373,22062,16047,8050,4820,4120,2907,1622,1374,0
2020-01-31,784,835,479,491,494,1224,2021,4222,7381,12345,21389,25550,28498,26969,30960,24900,21209,16181,9507,6649,3063,2923,2152,1610,0
2020-02-01,814,533,433,441,512,1094,1858,3383,8900,16654,27935,33750,37154,35974,41333,37117,33952,23875,12983,6828,4352,3312,2626,1716,3
2020-02-02,1118,863,688,835,642,1102,1551,3247,8569,18021,32461,38533,37498,38887,40077,39553,34323,23178,14168,9970,7289,2830,2146,1213,3
2020-02-03,781,708,471,413,510,1165,2363,4276,9036,14650,25901,30840,30742,30340,34244,27956,22350,15708,10499,5591,3464,3039,1502,1243,0
2020-02-04,800,601,645,620,735,893,1847,4790,8669,11386,25440,31059,27667,27212,29359,27912,23641,17407,10321,5809,3388,3317,1582,1206,0
2020-02-05,781,527,462,410,486,961,2265,4550,7418,11245,20956,28836,32156,32537,30560,25911,22537,16896,8157,4831,4268,2794,1598,1656,0
2020-02-06,893,722,636,786,754,1430,2199,5563,8022,10898,21044,27234,26148,27466,29991,26932,21402,14323,9699,5521,3276,2926,1902,1481,0
2020-02-07,477,484,816,956,771,1189,2095,4611,8510,13403,21390,28196,26181,25292,27798,22078,20063,15744,9406,5688,3693,3048,2443,2585,0
2020-02-08,1163,962,807,523,1053,1264,1845,3435,8904,14536,24973,32238,35313,36452,43044,36544,30611,22776,12444,6675,3950,4905,2311,1619,0
2020-02-09,1506,1217,900,717,764,1134,1945,3543,9284,19336,39908,47713,46503,45121,48258,41931,39855,25940,15561,7809,6053,3328,1685,1507,3
2020-02-10,1000,690,696,635,817,1131,2654,4508,8271,17077,33929,37947,41270,39423,41304,37788,28782,21699,15707,7962,6528,3363,2059,1842,3
2020-02-11,1232,1075,654,644,745,1175,1775,3982,8517,17465,32051,38232,38814,36192,39352,37165,31184,22196,16396,7233,4292,3451,1782,1378,3
2020-02-12,1040,788,720,862,816,1229,2172,4734,7904,12208,21657,28089,29444,24173,30859,26488,22481,17755,9022,5009,3749,3492,2098,1857,0
2020-02-13,968,709,683,530,629,1064,1921,4328,5769,8601,16274,22384,23822,23079,24761,21394,21224,18895,8544,4065,3012,2441,1887,1572,0
2020-02-14,411,74,273,557,635,1083,1908,4250,7146,13757,22043,29612,29676,27730,29888,29549,24326,17486,9997,6493,3626,3300,2215,1809,0
2020-02-15,743,338,733,643,632,1074,2159,3889,8758,15843,27826,40040,38349,40141,43062,40815,32804,25350,12774,6881,4742,3960,2360,1434,3
2020-02-16,848,912,641,809,780,1300,1760,3453,7142,14860,32329,36958,34740,34810,34474,30408,26336,15597,11382,5419,4315,3025,1610,1032,0
2020-02-17,664,436,339,373,473,845,1897,4248,7140,14070,27663,39902,39458,37573,38942,34425,24768,17930,9086,4256,3543,3042,2565,2872,0
2020-02-18,1598,1389,1260,1238,975,1379,1835,4618,7900,13386,27373,35143,35179,38334,37002,34118,31459,22042,12172,6224,3418,2810,1692,1663,0
2020-02-19,1017,715,566,569,634,1154,1824,4013,7168,14175,24903,32758,31345,31252,33109,29951,25515,18739,10700,5832,4323,3270,2328,1475,0
2020-02-20,1045,682,983,667,715,1080,1851,3865,6591,10981,21829,27807,27759,26360,30801,28111,24947,19007,10084,5072,3012,2287,1729,1677,0
2020-02-21,833,711,662,704,619,1092,2086,4080,7119,11599,22039,30174,31857,32364,34180,29825,25755,19758,13846,6370,2862,2645,1889,1407,0
2020-02-22,816,574,397,484,633,1109,1610,3741,9412,16046,32548,36511,41328,38989,39001,37366,30546,20962,12469,6384,4260,3956,2335,1134,3
2020-02-23,1316,821,564,488,509,989,1742,3792,10599,23544,47490,56933,56094,52908,60024,52327,50315,41192,23546,18952,7580,4706,2258,1451,3
2020-02-24,786,685,668,621,719,1050,2178,3459,9073,18823,41635,44910,44676,49142,48769,45030,39459,29543,16723,9239,4441,3639,1823,1424,3
2020-02-25,886,673,564,500,515,1101,1789,3745,7101,12675,22749,31786,32042,32587,35006,29350,22266,18323,10382,4696,3188,2597,1683,1122,0
2020-02-26,937,600,526,648,748,1087,2007,3499,6360,10432,22460,29812,32971,28440,29209,26091,22242,18435,10980,4950,3020,2650,1830,1438,0
2020-02-27,663,591,483,448,617,912,2054,3880,6761,10252,22531,30103,28629,28522,32163,26176,23512,20159,10894,4546,3370,2382,1486,1228,0
2020-02-28,955,739,583,520,583,1016,1726,3537,6303,11810,20983,27245,28427,26715,28473,24669,22428,18648,11947,5774,3315,3387,1521,1369,0
2020-02-29,664,512,551,654,636,891,1624,3058,6782,10931,22153,25632,31618,28920,30189,28328,24272,15578,7630,5388,3839,2855,1914,1692,0
2020-03-01,817,833,797,643,1182,1586,2415,3619,6628,11383,23647,33033,32702,32917,34767,31081,26986,19423,8689,4273,4419,2517,1451,1302,0
2020-03-02,747,537,646,663,554,1176,1630,3627,5462,8570,15493,21803,21203,20823,23870,18918,18013,13112,7919,4807,2909,2689,1806,1595,0
2020-03-03,424,572,934,728,949,1581,2426,4106,7149,12221,20862,26550,29739,27470,29223,26034,21537,17561,10361,4582,3291,2365,1956,1636,0
2020-03-04,744,806,644,499,774,1147,1728,3539,6610,7970,15932,22716,22634,22979,27275,24541,18361,13359,8724,5353,3034,2359,1463,1494,0
2020-03-05,852,638,684,487,702,1201,1679,3583,5891,11044,21058,25899,29168,24998,30349,23117,23281,19001,10603,7051,3621,2522,1894,1383,0
2020-03-06,875,574,536,510,592,1300,1908,4152,6844,10507,19295,26478,27314,27797,31421,25248,22682,17553,12422,7492,4844,3328,2241,1434,0
2020-03-07,876,810,617,532,796,1468,1949,3922,7815,12874,25899,31945,35544,34813,38017,33599,30475,19561,12246,6787,5050,2989,2240,1765,0
2020-03-08,1302,1190,690,620,660,1168,1368,2623,5616,10759,24299,29742,27368,27905,26542,23129,18853,15283,8494,5643,3819,3070,2027,2002,0
2020-03-09,1163,809,521,542,506,1209,1972,4049,6726,11486,22259,30810,33602,31215,34313,32372,26569,19665,14377,6680,3162,3612,1715,1729,0
2020-03-10,938,898,786,434,535,1013,1591,3327,5959,10377,22265,31240,26476,27174,25543,22112,19292,15385,10808,5410,2772,2300,2411,2180,0
2020-03-11,1398,798,833,706,781,1272,2065,3912,6614,11907,21051,33495,37119,31688,34958,30796,28682,22102,16116,10208,3726,2606,1841,1526,0
2020-03-12,580,472,369,529,532,1043,1850,3878,6440,10743,20925,31557,31371,33812,35327,29463,26636,22057,14132,9011,3793,3291,1781,1799,0
2020-03-13,737,633,559,477,617,899,1593,4195,7069,11529,22507,30026,29795,29715,35271,30792,27412,18505,13103,7304,4381,3067,2080,1663,0
2020-03-14,757,681,673,599,558,936,1683,3430,6249,10730,21064,27783,28242,26597,30476,25999,21048,15538,10558,6502,3929,2896,1877,1262,0
2020-03-15,911,524,490,456,588,957,1912,3429,7927,14181,34387,39489,39165,40454,39635,36700,30690,20378,14740,7929,4819,2926,2237,1549,3
2020-03-16,755,622,482,425,700,1014,1934,3398,6921,11880,28155,35291,33309,33941,36003,30971,24782,20242,12648,6362,4736,2980,2146,1660,0
2020-03-17,957,623,638,704,686,1131,2199,4640,7505,12604,29012,36675,36754,36357,38866,36468,29813,24563,16209,8519,4230,3000,2050,1912,0
2020-03-18,919,793,692,684,744,1278,1985,3679,7452,13222,27130,37087,35696,36616,38900,34906,33860,27237,17615,10279,4745,3150,2519,1398,3
2020-03-19,1051,864,715,596,706,895,2070,3528,6389,10757,26310,31034,31241,34759,35427,32790,28651,22917,17504,8700,4188,3345,2152,1724,0
2020-03-20,812,776,590,571,832,1495,2278,4761,10181,16461,32702,40340,41909,46797,47742,44805,39778,37731,22585,13570,9149,4712,2593,2385,3
2020-03-21,1439,847,893,655,902,1786,2828,5268,11048,21201,38322,46158,50738,53184,48882,52426,50960,38434,26252,19471,12219,6240,3102,1906,3
2020-03-22,1088,1081,757,638,866,1260,1804,4011,9002,17766,35299,41976,48277,43360,43135,42900,41693,28997,16880,7846,5046,3704,2264,1444,3
2020-03-23,1104,873,711,650,998,1655,2417,4444,7221,12233,26738,35176,33154,34415,35641,31621,27149,22302,16328,8238,3379,2400,1565,1194,0
2020-03-24,1128,906,871,666,704,908,1839,3888,7301,13291,27098,34223,33551,33670,35078,35980,32386,26320,18166,10327,4818,2996,1872,1386,0
2020-03-25,793,640,766,662,716,1341,2565,3930,6931,11387,24539,35659,33902,33396,34944,34588,32699,26254,16701,11098,4106,3190,2161,1380,0
2020-03-26,855,908,695,448,517,1260,1962,4068,8168,12019,27662,35483,32795,33697,37091,36668,33430,27097,17905,9121,4846,4171,2721,2065,0
2020-03-27,1220,489,514,448,457,992,1811,4140,6736,10115,22846,28683,24901,24612,25972,22770,21433,13748,9575,6134,3609,2562,1933,1445,0
2020-03-28,885,705,494,467,677,1112,1548,2792,5361,9457,19982,25651,26906,23699,24230,21484,18801,12753,7829,4357,2836,2372,1675,1508,0
2020-03-29,993,744,880,788,584,1117,1662,2387,4791,8363,16863,19377,22019,18535,19038,14536,11508,7718,5637,3678,2614,2043,1529,944,1
2020-03-30,649,475,583,461,642,1066,1909,3774,5442,7523,15677,21437,19598,19201,20418,16956,15079,11680,8825,4255,3497,2536,1781,1351,0
2020-03-31,1177,869,517,471,746,1458,1620,3243,5435,6837,14213,16510,15931,15851,14223,14025,12372,10210,5507,3532,2812,2566,1655,1248,1
2020-04-01,900,511,389,377,443,753,1606,3742,5656,6009,9917,12837,11066,9895,9311,9156,6564,8070,6134,2961,1923,1699,1455,1363,1
2020-04-02,726,668,664,550,522,1139,1890,3441,4567,6472,9586,11493,11134,11502,10977,10093,9927,8520,5129,3047,2079,1947,1589,1179,1
2020-04-03,1013,555,431,411,546,977,1776,3658,5522,6485,8495,11567,12894,12264,11637,10365,9843,9454,6021,4329,2998,2047,1710,1952,1
2020-04-04,1005,1073,870,1575,674,1124,2072,3260,5502,6205,9051,13076,15487,14313,14667,14024,11278,9011,4856,3617,2563,2163,2571,2007,1
2020-04-05,1140,1369,1049,1067,1020,1511,2240,3389,5830,6786,10032,14605,15973,14033,12206,11169,9067,6521,4755,3378,2477,2088,1726,1288,1
2020-04-06,876,745,621,614,634,1196,1805,3583,5053,5572,7302,8574,9196,9210,8020,8021,6991,6456,4440,3342,2033,1878,1684,1442,1
2020-04-07,727,659,548,467,633,1090,1664,3494,5137,5640,6277,8608,8560,7792,8283,7342,6914,7667,4253,3230,1907,1617,1153,922,1
2020-04-08,457,422,522,499,591,855,1535,3362,4657,4742,6216,7059,7021,9626,8540,7122,6744,6549,4359,2273,2163,2099,2015,1389,1
2020-04-09,565,564,377,353,524,950,1577,3073,4413,4632,6130,7161,7616,6647,6125,5622,5700,5406,3745,2580,1699,1503,1279,1069,1
2020-04-10,649,523,720,538,606,1022,1717,3136,4158,5161,5862,6416,6692,6263,6016,5559,5166,5769,4181,2893,2081,1742,1651,1550,1
2020-04-11,1313,1199,803,564,802,986,1768,2857,3698,4350,7275,7207,9443,9192,8472,6899,6548,4210,3021,2389,1942,1983,1720,1877,1
2020-04-12,1136,694,585,563,526,992,1521,2083,3677,4326,5647,7957,8789,7628,6753,6004,4446,1824,2338,1907,1909,1603,1469,1124,1
2020-04-13,725,573,497,469,589,852,1695,2531,3479,4105,5311,5235,5240,4136,4008,3901,4292,3889,3169,1904,1558,1461,1123,1310,1
2020-04-14,819,469,498,388,499,966,1421,2947,3385,3782,5355,6776,5840,5876,6547,5622,5043,5553,2898,2328,1604,1608,1359,1379,1
2020-04-15,691,490,511,499,547,946,1807,3415,3890,3831,5377,6608,7071,6241,5929,5697,5055,4929,3805,2502,1528,1418,1049,993,1
2020-04-16,620,649,520,472,669,863,1652,2491,3943,4054,5185,6052,6354,5750,6341,5703,4421,4432,2936,2384,1680,1632,1460,1287,1
2020-04-17,445,361,641,517,491,902,1781,2672,3231,4292,4634,5774,5681,6405,5506,5878,5405,4845,3489,2421,1921,2168,1703,1947,1
2020-04-18,388,312,1192,471,447,780,1094,1821,2551,3010,4006,5223,4518,4282,4230,4055,4264,4255,2501,2092,1964,2283,1671,1618,1
2020-04-19,838,802,797,639,474,883,1241,1938,2975,4028,6299,8477,9423,8591,8074,7161,6608,4834,3800,2928,2418,1838,1542,1541,1
2020-04-20,930,523,720,598,778,942,1360,2534,3384,3354,5095,4820,4395,3598,3816,3880,3793,4124,3068,1946,1321,1193,920,695,1
2020-04-21,567,432,513,527,528,728,1626,2643,3166,4103,4783,5696,6029,5376,4418,4774,3604,4736,3136,2071,1387,1010,1175,1294,1
2020-04-22,544,451,437,649,682,1020,1529,2223,3637,3490,4456,5259,5240,5106,5134,5292,5157,4374,2974,2168,1207,1295,1245,894,1
2020-04-23,683,547,518,429,550,859,1576,2451,3633,4666,5948,5963,5675,5881,6044,5414,5614,4984,3519,2258,1935,1472,967,942,1
2020-04-24,1558,1045,847,544,667,968,1382,2507,3762,4695,5761,6309,6769,5989,5920,5394,4849,4501,4029,2226,1583,1514,948,971,1
2020-04-25,1247,1031,795,742,1103,885,1583,2426,3183,4344,4192,5241,6262,5551,6176,5154,4799,3614,3405,1914,1644,1690,1755,1294,1
2020-04-26,1140,1271,425,615,640,996,1606,1945,2811,3668,5097,6686,6414,6555,6205,4383,4148,2967,2581,1828,1323,1384,977,798,1
2020-04-27,719,448,538,411,539,970,1717,2671,3324,4044,4722,5017,4609,3888,4331,4367,3772,4122,2413,1922,942,889,1063,742,1
2020-04-28,628,387,563,498,588,960,1279,2271,3539,3884,4752,5268,4811,5291,5442,4061,4320,4006,2410,2425,1423,1740,959,891,1
2020-04-29,671,717,675,432,428,626,1555,1819,2513,3083,4325,5503,7329,6066,5856,5344,4471,4204,2463,2048,1360,1083,1186,1510,1
2020-04-30,1082,571,571,703,813,1057,1368,2296,2779,3415,4816,5247,4615,4636,5148,4627,2895,3737,2781,1701,1373,1246,1067,1101,1
2020-05-01,735,513,452,522,471,894,1304,2114,3292,4084,4885,6502,5100,5267,5422,4608,3486,3746,3335,1870,1448,1069,953,1287,1
2020-05-02,959,702,499,474,711,847,1532,2235,2840,2936,4149,5620,5135,4906,4415,3948,2988,2975,2595,1690,1557,1810,1369,1100,1
2020-05-03,880,916,711,515,509,823,1316,2176,3010,3854,4702,4473,4904,5137,5308,4417,4182,3442,2702,1939,1507,1196,1133,1195,1
2020-05-04,1199,1491,837,1009,726,747,883,2028,2745,3503,4879,5737,4592,4687,5669,4325,4122,3468,2124,1041,1382,1320,933,1236,1
2020-05-05,644,998,364,364,431,684,1062,1603,2633,3382,5427,6167,5474,4291,4441,4189,4579,3095,2639,1687,1637,1575,1170,1122,1
2020-05-06,1023,782,811,602,903,963,947,1715,2059,2772,3823,4046,4180,3685,3869,3912,2958,2087,2157,1186,986,1107,903,1254,1
2020-05-07,664,359,312,356,446,723,1269,2502,3586,3585,3951,4729,4582,4396,3961,3711,4097,3948,3171,1835,1254,1162,1200,1254,1
2020-05-08,723,927,770,700,653,959,1545,2293,2929,3534,4522,5457,5453,5501,4453,4675,4577,4630,3612,2071,1554,1602,885,1529,1
2020-05-09,1314,1138,1271,659,533,992,1721,2507,2899,3052,4352,4692,4668,5134,4939,4271,3996,3676,2603,1529,1201,1078,1408,1337,1
2020-05-10,1603,668,388,417,459,724,1147,1758,2125,3020,3445,3838,3237,3959,3083,2765,2575,2311,1582,1494,1271,1265,1125,1112,1
2020-05-11,530,773,436,359,455,798,1444,2375,2584,2750,1985,1933,1493,1288,919,1085,2800,3567,2862,1931,1199,988,1172,1294,1
2020-05-12,896,583,714,524,734,1062,1615,2672,2919,3238,2513,3291,3237,1945,1175,1555,3026,3761,2628,1788,1377,1153,877,1028,1
2020-05-13,559,503,407,408,515,880,1429,2552,2825,2887,3884,3652,2154,1885,2044,1665,2330,3433,2540,1809,1264,998,754,602,1
2020-05-14,547,426,492,359,606,833,1103,2299,3057,4206,4485,5273,5120,4924,5284,4926,3336,4521,2580,1782,1421,1056,894,946,1
2020-05-15,837,507,457,379,436,846,1431,2664,3403,3765,4910,4939,4375,4656,4934,4404,4045,4655,3099,1819,1900,1088,939,1208,1
2020-05-16,1000,1183,518,454,532,564,987,1942,2138,3042,3452,4340,3470,3480,4909,3185,2700,3177,2314,2134,1960,2206,1727,1311,1
2020-05-17,994,1007,1128,1022,1251,1028,1296,1994,2918,3868,5006,7299,5634,5681,5637,4410,4132,3775,2405,2264,1807,1330,1050,1284,1
2020-05-18,1599,1568,771,409,463,768,1169,2481,3031,3454,5209,4801,4600,4267,4040,3381,3390,4002,2628,2062,1254,925,1111,816,1
2020-05-19,507,423,421,648,492,578,1022,1876,2654,2999,4908,4064,4179,4422,4361,3723,3925,3662,2928,2033,1220,927,1039,1025,1
2020-05-20,997,744,728,486,513,720,1349,2635,3338,4156,4808,5358,5403,5225,4401,4757,3788,4666,3214,2004,1551,1491,1206,1093,1
2020-05-21,522,580,576,611,550,718,1247,2685,3507,3556,3860,4471,4787,3939,4624,4305,3541,3626,2395,1457,1546,1326,992,769,1
2020-05-22,469,554,396,303,390,748,1379,2798,3223,3815,4724,5628,5067,5298,5576,5016,4164,4116,3780,2190,1418,858,1426,1291,1
2020-05-23,1132,603,854,408,540,1013,1264,2370,2639,3117,4231,4485,4647,4908,5872,5123,4218,2954,2654,1894,1491,1291,1078,2181,1
2020-05-24,2909,2148,1523,1764,1132,1016,1280,2399,2873,4004,7150,7566,6905,7345,7147,5468,4292,3557,3089,1788,1591,1275,991,1075,1
2020-05-25,897,600,621,493,649,972,1590,2954,3671,3451,5113,5749,5931,5568,5799,5433,4519,5129,3381,2403,1616,1192,699,1007,1
2020-05-26,574,843,478,305,576,703,1500,2873,3538,4156,4939,5664,6562,5306,5603,5372,4156,4713,3372,2061,1407,1355,867,833,1
2020-05-27,473,390,563,600,792,924,1766,3084,3940,4199,6371,6697,6499,6486,5970,5446,5473,4839,3526,2593,2224,1752,1386,1148,1
2020-05-28,608,501,684,439,461,712,1284,2620,4101,3772,4959,5881,6874,6267,6747,5796,5016,5450,3572,2298,1471,975,950,828,1
2020-05-29,715,446,429,1146,503,597,1400,2854,3666,5014,6212,8147,8083,6747,7820,6015,6015,5009,4777,3371,1733,1501,1688,1139,1
2020-05-30,560,573,723,793,719,1401,1820,3492,4991,5597,7823,11003,11081,10892,11932,9437,8563,6617,3904,2666,2250,2195,2082,1240,1
2020-05-31,868,1268,970,626,631,1226,1845,2992,4314,5885,9557,12100,12093,10136,8844,8722,7577,4604,3201,2199,1243,1262,1105,1417,1
2020-06-01,930,373,367,259,320,542,1316,2953,4340,4209,6784,6862,6255,6309,6147,5963,5505,5171,3668,2292,1686,1423,1011,1083,1
2020-06-02,737,574,473,497,578,824,1298,3143,4832,5896,6341,7303,7825,7690,7522,6294,6626,6142,4533,2525,1289,1463,1388,1313,1
2020-06-03,767,429,476,368,448,767,1540,3754,4554,4803,6780,7359,7068,8178,7374,7006,6422,6134,3842,2229,2128,1344,1236,1316,1
2020-06-04,494,389,478,527,494,724,1397,3242,5631,4961,6661,7543,6711,7768,7039,6791,6489,5584,4539,3203,1916,2399,1223,805,1
2020-06-05,672,692,504,469,526,999,1435,3208,4933,5169,7778,8392,9693,10266,10954,8295,8932,7132,5189,3059,1998,1882,1350,1343,1
2020-06-06,1163,886,1259,919,776,1126,2107,3492,5571,7347,11219,13866,15148,16556,14364,14159,11952,7850,4629,2711,2463,1656,1500,1259,1
2020-06-07,1096,678,843,655,637,1046,1575,2954,6326,7894,14362,16249,18937,18536,17061,15588,15747,8643,4864,2759,1963,1742,1302,1043,1
2020-06-08,1021,531,505,470,636,844,1530,3859,5131,5653,8501,9706,10213,9843,9193,9019,7777,7108,4362,3478,1754,1864,1292,916,1
2020-06-09,735,423,452,432,577,879,1697,3376,5151,5612,7570,8720,8530,9423,9481,8953,7721,6941,4762,2463,1709,1336,1227,1029,1
2020-06-10,436,410,561,341,473,957,1440,3206,4820,4835,7749,9679,10194,8870,8789,8505,8018,7460,4819,2640,2077,2547,1795,938,1
2020-06-11,574,431,399,515,491,805,1326,3012,4726,4934,7092,7085,7372,6936,6706,6464,4938,5458,2986,1842,2005,1715,955,632,1
2020-06-12,538,391,405,463,565,761,1604,3380,4291,5252,8179,9971,10230,10925,10582,8521,9834,7100,5362,3801,2485,2005,1893,1392,1
2020-06-13,702,537,852,699,697,1107,1602,2715,5057,7317,12672,14620,15782,15244,15792,13793,9706,6943,4175,2270,2333,1599,1021,1203,1
2020-06-14,525,388,468,374,496,740,1264,2760,4429,6896,13518,19663,17172,15073,16095,13293,12264,7251,4326,2725,2357,1793,1213,1048,1
2020-06-15,738,703,442,498,675,835,1788,3611,5841,5979,10072,11010,11928,10388,11226,10609,10165,6607,4846,2815,1836,1632,1400,1061,1
2020-06-16,312,275,304,396,487,724,1671,3704,5386,5616,8765,11814,10981,10552,10221,11649,10276,8587,5060,3087,2236,1759,1600,939,1
2020-06-17,952,423,482,465,511,909,1489,3412,5089,5965,9213,10600,11064,11692,11512,11179,9454,7648,5343,3049,1817,1530,1115,1410,1
2020-06-18,452,251,224,293,431,552,1258,2881,5004,6093,8448,9850,10018,8870,10372,9849,8526,7818,5157,3962,2678,1944,1719,1622,1
2020-06-19,657,300,425,337,479,779,1555,3018,5358,5739,8817,11161,11717,11522,12641,13445,9260,7239,4517,2843,1751,1857,1093,801,1
2020-06-20,1046,740,395,433,659,1168,1947,3887,7522,13377,18939,23095,25644,25740,27401,25284,21622,14428,10482,5547,3722,2647,2395,2065,0
2020-06-21,1023,1113,697,778,664,876,1864,4335,7911,11196,19304,23543,24698,22719,22950,23314,19212,14064,9020,5367,4667,3420,1471,1115,0
2020-06-22,577,572,346,423,403,660,1426,3712,5680,7356,12384,13159,11908,10595,10409,9285,10966,7641,5839,2526,1692,1470,1117,719,1
2020-06-23,673,451,306,383,430,814,1482,3601,5158,5707,11240,12739,12528,11528,13215,12627,9411,8611,4857,3521,2029,1783,1486,1504,1
2020-06-24,506,322,466,417,649,1024,1661,3572,6381,6298,11050,13501,13924,12430,13277,12806,11329,8593,5059,3328,1903,2043,1542,1257,1
2020-06-25,999,794,350,403,485,705,1498,3593,5460,6533,10245,11435,11269,10877,11999,9862,10465,9313,6240,3617,2610,2172,1257,889,1
2020-06-26,572,775,751,350,412,689,1971,3903,5735,6337,12367,14690,15056,14642,15842,13012,10703,9532,4690,3962,2017,1618,1550,1067,1
2020-06-27,672,624,587,699,553,1048,2123,4761,8199,13364,23355,28318,29907,30109,29115,28970,23453,18901,10446,6406,3493,2683,1994,1626,0
2020-06-28,1518,978,1669,915,605,978,1619,2776,5326,8937,23413,23941,21328,19839,20120,20377,16581,12420,6487,2937,2288,1829,1668,1264,0
2020-06-29,623,382,322,380,437,806,1924,4007,5484,7231,14450,17362,16696,16290,16598,14889,14644,10307,6378,3268,2524,1782,968,990,1
2020-06-30,462,397,553,690,570,911,1988,3817,5498,5970,9787,12948,11467,12940,12295,10620,9197,8152,6081,3436,2122,1578,1277,893,1
2020-07-01,644,353,426,418,732,1616,2270,4303,6366,5362,9145,9413,10993,9532,10262,8014,7834,6518,4481,2240,1479,1486,1037,821,1
2020-07-02,444,564,428,421,437,631,2107,4531,5742,7184,11040,13966,12290,12717,12122,11429,10108,9036,5450,3535,2659,1862,1302,1000,1
2020-07-03,725,372,378,317,436,795,1836,4133,6428,7422,13223,14936,13720,14463,17019,13511,11192,8792,5893,3437,2385,1993,1367,1368,1
2020-07-04,682,568,771,556,405,839,1342,3174,6453,8300,14899,18695,18745,16609,19293,16519,13731,9788,5379,3361,2798,1381,1382,1077,1
2020-07-05,694,397,267,575,949,884,1119,3696,6388,11116,21259,23606,24543,22835,21045,17226,16286,12011,8403,3845,2573,1695,1215,900,0
2020-07-06,602,540,564,524,578,694,2053,4397,4822,7062,11598,14490,12199,11077,12074,9597,7941,6540,4637,2940,1822,1735,937,589,1
2020-07-07,565,356,331,409,605,791,1917,4110,4930,5593,11014,13720,12045,9733,10592,8947,7414,6531,4813,3175,2560,2094,1118,1150,1
2020-07-08,651,416,369,315,447,1125,1875,3609,4981,5926,10150,11249,10239,9491,10610,8713,8168,6698,4707,3223,2061,1421,833,868,1
2020-07-09,300,291,281,305,352,485,1562,3942,5869,6862,9442,12311,11627,10525,11790,9345,8467,6735,5246,3224,1807,1626,1332,1099,1
2020-07-10,579,746,549,460,430,714,1921,4029,5174,6867,10282,12768,14378,14600,15488,13272,11500,8620,5149,4076,3245,2589,1966,1624,1
2020-07-11,679,531,438,479,652,907,1746,3609,6115,10180,16209,19846,20056,20408,21813,19258,14029,9676,6369,3545,3213,1921,1835,1449,0
2020-07-12,742,680,430,443,776,1239,1894,3847,6724,11067,19327,27191,26302,25507,27013,26469,19544,15442,9340,3177,2727,2230,1402,1140,0
2020-07-13,510,520,462,382,575,1060,1962,4059,5672,7611,13364,17946,16497,14319,16535,14277,11066,8336,5669,3467,1897,1751,1159,872,1
2020-07-14,633,520,426,628,618,1100,2347,3869,5780,6299,11603,14338,12925,11547,13236,10855,8985,6652,4478,2601,1953,1602,1555,1650,1
2020-07-15,1319,653,426,575,547,1068,2201,4449,5752,6517,11896,10701,6901,14009,14391,12666,10096,8459,5179,3289,2190,1606,1235,1041,1
2020-07-16,671,923,632,805,706,880,2129,3568,6130,6434,12108,15562,14397,14599,14242,12840,12368,10531,6513,4077,2716,2186,1179,902,1
2020-07-17,1129,550,376,321,339,679,1990,3892,5979,7503,14604,16160,16660,17210,17445,14171,12342,10145,6336,3180,2303,2499,1864,1230,1
2020-07-18,774,535,653,606,671,958,1551,3898,5635,9160,16361,19620,23203,21887,23890,23007,19553,13676,8270,4741,3311,2827,2448,2453,0
2020-07-19,1893,1247,1171,719,656,969,2146,3643,5529,9379,19871,22375,24189,24819,24561,22482,22425,15199,8986,4629,3450,2702,2401,1658,0
2020-07-20,869,514,444,455,526,994,2184,4113,5881,8135,12379,15312,15758,15773,15207,12972,11743,8443,5822,3622,2624,2201,1565,1011,1
2020-07-21,724,477,431,534,741,987,2267,4200,5590,7139,11719,14231,13741,14555,14910,13105,11898,10134,5257,3364,3036,2664,1695,1541,1
2020-07-22,682,557,616,736,642,1182,2052,4789,6997,7845,12095,15458,15084,14960,16697,14133,14475,13294,8369,4957,3070,2414,2466,1706,1
2020-07-23,856,1023,1053,1338,2504,5684,5116,7829,18602,26569,32779,38691,38774,39871,40637,34654,29622,22524,14138,8599,5187,3653,2085,2154,3
2020-07-24,2169,1443,1059,1010,1002,1757,2805,5729,12580,25637,46269,57814,54368,53917,57039,51151,47825,34055,20387,11545,8561,4518,2501,1937,3
2020-07-25,1577,997,930,1134,950,1409,2572,3756,9511,18373,36051,41400,42142,42323,39302,38041,33146,23463,15153,8897,6553,3217,2158,2199,3
2020-07-26,1381,1550,1358,1117,957,1197,1871,3480,6303,14022,28642,35595,33783,35315,31877,27230,21014,15562,8990,4525,3771,2307,1520,1551,0
2020-07-27,871,651,833,845,613,771,2311,4387,6766,9619,15356,19650,21731,20514,21336,17183,13569,11281,6559,4291,2899,2422,2801,1619,0
2020-07-28,1128,969,842,782,662,1000,1987,4183,7191,8069,13110,19145,18465,18610,18135,14921,11409,10025,5900,4068,2606,1986,1705,1438,1
2020-07-29,1087,972,805,1080,1283,1202,2391,4271,7156,8500,13618,18078,18524,15937,17629,15567,13870,10352,5581,3505,2119,1827,1280,1444,1
2020-07-30,1393,1060,668,606,707,1029,2024,3562,6774,8839,14134,18342,18824,16043,16386,15216,12941,10696,7544,3881,2375,2371,1928,2021,1
2020-07-31,1348,886,616,664,743,1054,2102,4561,6771,7868,13834,19011,17879,18100,20212,18750,14631,11906,8949,5633,3297,2923,2059,1665,1
2020-08-01,1655,1089,1258,1023,1125,1287,2402,4511,9508,14199,20499,27490,29785,31481,33363,28052,25684,18459,11905,6805,4254,2898,3030,2803,0
2020-08-02,1920,1585,1216,1387,1148,1489,2370,4704,9796,16194,26720,30733,33487,33473,33403,30452,24394,17637,9811,5488,4048,2629,2027,1867,0
2020-08-03,1107,870,1112,961,946,1154,2342,4038,7202,10012,20077,26766,28402,27543,27827,23694,19637,14427,9613,5503,3205,2326,1841,1184,0
2020-08-04,631,1146,520,817,803,967,2074,3737,7826,10218,18726,26247,24298,25657,25125,21654,18879,13928,7705,4958,2677,2383,2102,1695,0
2020-08-05,1626,1651,969,606,768,988,1744,3649,7683,11810,19398,26470,28326,26540,29249,23336,17457,14904,8698,5122,2820,2456,2243,2090,0
2020-08-06,977,1123,782,761,892,999,2126,4326,8166,10302,20312,25913,27611,24568,26179,25987,20751,15696,9839,4864,3548,2853,2233,2092,0
2020-08-07,1786,1231,788,729,829,1191,2304,4168,8650,13616,23849,30072,29509,27801,29210,27011,21597,15825,11029,6399,3621,2726,1816,1863,0
2020-08-08,873,1043,1642,688,943,1370,2781,4688,11442,17182,33719,36083,39535,39061,39545,37938,32944,25653,14740,8035,6865,3714,3181,2947,3
2020-08-09,1845,1681,1561,1986,1432,1949,3209,5313,11922,23751,42347,48352,49163,47669,48421,44252,38866,32047,18239,10297,7013,3632,2251,2393,3
2020-08-10,1853,1708,1419,1038,1075,1478,2505,5406,11787,22047,39045,42282,42245,43106,48934,42490,37720,26181,16181,8596,5143,3353,2519,2033,3
2020-08-11,1047,1237,1188,523,744,1350,2602,5047,9763,18191,35919,43802,45050,43765,43797,39744,31280,22902,14380,8266,4673,2945,2390,1999,3
2020-08-12,1340,770,1004,694,1222,1227,2311,5009,9901,16274,33452,40971,44306,37971,39320,37369,32144,25934,15846,7235,4810,3105,3051,2493,3
2020-08-13,1944,1331,1407,1041,1305,2003,2533,5061,11814,17723,32765,41607,42742,41797,41903,39393,34461,27088,18654,9259,4942,3688,2881,2048,3
2020-08-14,1510,1799,1522,1157,1389,1822,2978,4847,11808,20080,35214,43898,45052,42294,45829,44724,35207,27141,19837,10759,5286,3511,3399,2266,3
2020-08-15,2101,2134,875,939,1006,1818,2985,5733,11821,20331,36014,39288,44093,43687,41955,39696,34779,28079,16050,8875,6878,4130,3473,2381,3
2020-08-16,2112,2117,1616,1335,960,1342,2418,5259,9931,17704,28144,35086,37267,36933,36933,32225,29394,18311,11433,6748,4704,3360,2898,3083,0
2020-08-17,2191,1768,751,604,737,1223,2108,4266,9783,13710,24940,34231,32378,33620,33080,30068,25542,17231,12382,5929,3488,2458,2342,1435,0
2020-08-18,773,554,768,1436,1301,1029,1690,4237,7720,11384,24872,32318,31965,30586,31342,28684,24642,18953,10692,5915,3594,3241,1622,1795,0
2020-08-19,1354,1001,672,1268,1383,1065,2002,4401,7802,11698,24047,31550,32488,31826,31616,28270,25384,18488,11180,5453,4532,2639,2087,2192,0
2020-08-20,943,777,712,741,950,1278,2105,4034,7268,9981,20198,29012,31762,28838,28250,25392,21094,16289,10371,5397,4649,2997,1926,1973,0
2020-08-21,1468,1081,710,793,757,1145,1885,3763,8434,11355,21941,27623,30841,30997,29674,25697,23551,19726,11560,6808,3326,2273,2536,3176,0
2020-08-22,3224,1432,1958,1224,939,1427,2277,4586,9037,15058,27835,31918,35199,36761,34643,31900,26739,19979,12643,7034,3785,2944,2952,4365,0
2020-08-23,2967,2361,2011,2286,3336,6003,4021,3224,8626,15679,27927,31432,35167,35435,34212,31988,24209,18223,11126,5264,3111,3059,2250,1736,0
2020-08-24,960,701,688,877,712,1063,1956,4765,6546,10986,24487,29526,30336,28887,30146,25862,23245,16430,10262,6437,3317,2484,2554,1865,0
2020-08-25,931,548,636,811,980,1118,2237,4419,7340,9875,19979,27520,31047,25924,26749,24791,21229,15521,10777,6222,3941,3035,1903,2142,0
2020-08-26,1234,1219,1651,1311,833,1275,2031,4573,7348,9919,21782,28456,29238,27991,29622,26352,22494,16467,10039,5914,3528,2921,2929,2968,0
2020-08-27,1817,860,812,667,1334,1815,2367,4339,6430,9900,19865,26316,26728,26183,28133,23502,19605,16105,10275,5209,2981,2225,1946,1779,0
2020-08-28,1254,766,547,592,587,1090,1571,4672,7846,10655,22070,29776,32023,30917,29885,25368,23453,20018,11637,5577,2873,2786,4008,2661,0
2020-08-29,1390,2095,931,866,1028,1425,2309,3933,8465,16713,30462,33218,38926,37408,40191,36112,30052,25024,13634,7196,5391,3228,2936,2640,3
2020-08-30,1378,1197,1253,974,975,1546,3057,4787,10933,17758,30924,37278,39388,38373,35056,33139,28571,22792,13510,6973,5949,2825,2512,1476,0
2020-08-31,1304,1113,1304,1274,1081,1135,2095,4305,6257,10469,20335,27904,26365,23876,25775,20789,19060,14367,9242,6562,2339,2701,2533,2280,0
2020-09-01,1637,1699,1248,1137,962,1338,1702,4373,6093,8948,17048,23070,22299,21899,23036,20693,18863,15356,7577,4655,3229,2702,2695,2108,0
2020-09-02,1719,1371,1224,1202,902,1018,1608,4454,5772,8259,16251,22634,21074,23021,24057,20220,16469,12474,9378,4783,2909,2624,2121,1188,0
2020-09-03,934,453,535,343,382,772,1438,4161,5512,8447,17931,25786,23067,25192,25601,21930,16637,13379,8203,4184,2836,2584,2186,1986,0
2020-09-04,1078,1234,1232,709,553,976,2122,4835,6733,10404,22416,28030,28302,26624,27722,26527,23524,18904,11182,5774,3255,3152,2292,2380,0
2020-09-05,2872,2063,1581,1204,1010,1344,2375,3746,9009,14297,25959,29561,32809,33914,37470,33369,27828,18378,11157,5253,4955,2200,1844,1540,0
2020-09-06,1218,611,652,919,756,1303,1589,2936,6364,12670,27787,30718,36080,36779,33125,27410,24246,19130,11473,5193,2927,2029,1811,1357,0
2020-09-07,776,590,494,452,585,903,1583,3798,5298,9463,18747,22209,23194,23535,23800,19371,15728,13517,7689,4510,2351,2020,1546,1565,0
2020-09-08,1111,653,792,799,653,1035,1955,4295,6580,9896,19604,28388,28924,25480,25461,24004,19868,17119,10721,5794,2867,2599,3016,2105,0
2020-09-09,1025,940,840,690,535,883,1829,4547,6622,10860,20501,27299,27654,24232,26320,24684,23219,17113,11584,5436,3051,2879,2571,2584,0
2020-09-10,1340,1107,1013,581,707,1090,1899,4661,6167,10880,21389,28403,29186,27476,32040,26218,22047,16035,10583,5361,2733,2490,2631,1382,0
2020-09-11,1212,947,716,949,675,806,1649,4044,7875,12552,23868,32660,32761,31833,30810,30309,27056,20517,12623,6412,3407,2630,2321,2771,0
2020-09-12,2065,1573,1313,1520,829,1075,1548,3017,7402,15288,26170,32097,35364,32354,34493,30817,28921,19017,12686,5314,4183,2501,2038,2502,0
2020-09-13,2036,1544,1995,811,975,1155,2745,4516,9935,18075,35354,45403,46631,45692,42401,38076,35288,23343,14843,6268,3978,2844,1290,1231,3
2020-09-14,760,757,772,1023,741,892,2135,4505,8077,12118,25171,35298,35279,33369,32692,30802,25971,19809,11069,5373,3175,2792,1569,1660,0
2020-09-15,1225,1563,1149,863,676,1128,1770,4484,7625,11909,24637,31588,31740,31609,31992,27988,23130,18503,11193,5136,3039,3035,2150,2048,0
2020-09-16,1946,1618,1113,853,741,962,1817,4530,6526,9531,20491,28163,27546,28295,29122,28616,22599,18268,10993,6715,4571,3808,2892,2245,0
2020-09-17,1579,810,995,929,857,1310,1870,4383,6517,11047,22990,32488,31058,29182,30366,25781,23938,20210,13711,6859,3121,2654,1452,1521,0
2020-09-18,1106,654,627,532,471,880,1819,3994,7990,12241,23512,29896,32999,29521,29891,26692,22246,19622,12401,6399,3643,2998,3102,2590,0
2020-09-19,1969,1629,1564,1250,1270,1267,2258,5212,12508,22853,39728,49980,54889,53100,55165,51536,47034,36364,21207,9654,6648,3587,2830,3023,3
2020-09-20,3020,1153,1035,1148,1038,1333,2246,4750,12329,27762,52232,62634,62415,59928,57561,56169,53633,43696,27754,15838,9126,4870,3093,2466,2
2020-09-21,2264,1518,786,759,953,1581,2828,6770,18094,38696,65573,77632,79151,80251,80813,76602,64520,60508,36431,20802,11893,7422,4010,2549,2
2020-09-22,2171,2558,1885,718,1002,1937,2802,5940,14877,31257,51122,55549,55049,54550,53812,50071,45148,32183,19561,10352,6461,3322,2047,1168,3
2020-09-23,750,554,630,484,623,902,1693,4918,7205,11500,27216,35001,33286,31741,33649,26835,22888,18848,10670,4391,2751,2318,1434,1507,0
2020-09-24,1390,742,670,671,784,918,2291,4210,6059,9774,22186,27999,30192,27115,27722,24397,20047,14985,8519,4197,3512,2751,2648,2099,0
2020-09-25,1084,1166,531,488,750,764,1889,4549,6883,11413,23213,33151,32278,31807,32113,28351,21060,19225,11678,6157,4201,3054,1827,1757,0
2020-09-26,1392,975,1337,1208,772,965,1613,4236,9586,17328,32869,36904,43857,41401,42527,40296,29549,23342,14114,8191,4780,2916,2782,2275,3
2020-09-27,1751,2053,2787,3385,5666,6977,6211,4184,11300,21588,38829,46197,49729,45556,44888,41563,36767,27125,15567,8317,5862,2585,1960,1290,3
2020-09-28,742,657,611,481,541,1037,2455,5117,10168,15853,27613,35530,37057,36262,37974,33654,29031,24280,12942,7448,3560,3245,2090,1726,0
2020-09-29,1803,1476,1196,949,848,1279,2605,5173,7791,14704,24666,31584,34224,30631,31752,28428,26073,19509,10952,5633,3378,3445,2873,2784,0
2020-09-30,1355,1093,1141,1102,761,1284,2286,4932,7852,11505,23003,27355,25275,24976,24811,23602,20717,16896,9392,5084,3688,3084,2470,2251,0
2020-10-01,1178,1115,341,493,684,1230,2485,4936,7682,9744,17879,21861,24641,22267,24220,19541,16443,12662,8487,5071,3293,2556,2625,1799,0
2020-10-02,1674,670,1101,941,725,750,1797,4830,9012,12674,22506,30376,31039,31911,34112,28235,24584,18536,10180,6203,4096,3474,2616,1990,0
2020-10-03,2621,1512,1544,1707,1012,1279,2863,5350,11080,20578,36134,42963,46417,46742,49586,46827,38514,31345,17237,6998,5326,3495,3411,2448,3
2020-10-04,1645,1313,1549,1135,1142,1621,3005,5554,11420,20243,38273,47791,48386,47016,46090,40538,38009,31640,18782,7944,4661,2806,2343,1448,3
2020-10-05,921,570,390,453,760,1098,1828,4339,7613,11759,22473,31978,34112,30814,31628,27755,22453,18997,10774,4805,3544,2479,1859,1452,0
2020-10-06,471,182,180,220,753,1006,1847,4380,8371,12766,21177,28463,33976,30503,32483,26598,22954,17216,10503,5654,2933,2713,2270,2143,0
2020-10-07,2078,1670,1520,1557,596,1068,2201,4193,7541,11749,21968,28660,29767,26938,30553,26658,22707,15967,9550,5547,3044,1897,1658,1478,0
2020-10-08,1619,1378,1074,1237,875,969,1432,4076,6139,8989,16950,23550,26600,24707,24807,19890,15572,11845,7123,4423,3421,2748,2516,1882,0
2020-10-09,2308,1645,1426,1064,848,798,1771,4233,6689,11135,21212,29139,30781,28904,28109,26362,18332,13820,8498,5341,3352,2830,1904,1409,0
2020-10-10,1709,1348,776,984,397,837,1298,2764,7176,13123,24509,38468,33697,34665,33322,27233,19034,12690,7738,4331,2928,2276,2048,1948,0
2020-10-11,1708,1146,1345,833,759,1138,1769,3042,7875,19469,39377,47736,52668,53057,52107,42834,36718,28924,17926,7187,5672,3348,2552,1754,3
2020-10-12,1490,820,624,698,643,1017,2387,4369,8653,13282,27868,35391,39700,36542,38727,32118,28293,19624,8891,4414,3308,2409,1926,1690,0
2020-10-13,1280,934,884,913,764,885,2064,4709,7111,11779,23567,30212,32774,33229,33328,28963,26385,18246,9759,4905,2871,2258,1655,2152,0
2020-10-14,1664,1255,1296,1240,843,1193,1812,4199,6624,12019,25254,32037,32270,33020,31084,29109,26045,17171,9737,5284,3538,3015,1909,2560,0
2020-10-15,1717,1319,1045,933,538,1069,1658,4353,7305,11338,22599,29965,32910,29782,33776,27543,24115,14984,8493,5093,2612,2430,1587,1634,0
2020-10-16,1441,1225,960,1234,1823,921,1896,4487,8841,13963,27488,34778,38678,38574,40940,35967,32338,20949,10825,6392,3820,3364,3089,3109,3
2020-10-17,3576,2877,1701,889,1353,1194,1844,3487,8831,18109,37457,43896,45699,46811,49975,42723,37548,26257,14937,6863,5665,3180,2151,1523,3
2020-10-18,1136,1096,662,853,797,1213,1904,4090,11827,24075,47768,62549,67181,57947,61297,58726,45613,35037,20454,8061,5100,3470,2632,1873,2
2020-10-19,1120,1076,648,600,721,1164,2086,4807,7397,15801,33147,40151,42830,41329,39952,34634,26978,16991,9358,4999,2396,2742,2042,2685,3
2020-10-20,2370,1633,1530,1208,673,817,2066,4479,8037,15985,29285,37561,39455,42187,42680,35440,31438,23067,12457,7018,4286,4085,3749,3819,3
2020-10-21,2777,3007,2669,1840,959,1601,1959,4122,7682,14871,29585,40462,43867,39374,43131,38424,33909,24240,12852,5538,3039,2800,2019,1994,3
2020-10-22,2077,1347,1225,831,563,946,1674,3916,8889,15772,26107,37240,37378,35994,37718,31044,25165,17281,9297,5223,3245,2388,2075,1844,0
2020-10-23,1421,1148,835,947,641,1043,1768,4175,7722,14527,29036,37608,38396,39065,39527,32903,27271,19369,11008,6337,3389,3827,2456,3131,0
2020-10-24,1198,887,758,802,748,1689,2418,5754,15624,29745,48611,58665,61210,62755,65024,62430,57452,41752,21862,11329,8014,4200,3347,3000,2
2020-10-25,2295,1479,1133,1226,1070,1542,2728,7055,15530,32750,55335,61208,64966,64347,69391,60841,50154,34844,21888,9014,6044,3178,1727,1818,2
2020-10-26,948,611,375,392,516,918,1904,5177,10015,19040,35641,47411,47633,45450,50309,42295,38604,28295,16209,6426,3628,2643,1789,1887,3
2020-10-27,996,1006,899,827,616,1196,2289,5045,7487,15072,28485,38640,41725,41993,41756,36147,32434,23430,12853,6520,3761,2477,2128,2271,3
2020-10-28,1766,1010,762,636,763,1048,2397,4654,10176,16252,30337,42800,42250,42922,43304,35998,29840,21829,13680,5345,3123,2779,1901,1684,3
2020-10-29,806,853,738,521,555,1242,2098,5184,9657,16558,31218,40523,42192,42807,45072,37683,32616,24203,12818,7725,4007,3467,1950,1886,3
2020-10-30,1723,1508,1242,1208,1111,1042,2066,5450,9231,16358,30643,40210,42404,42599,44132,39145,33307,23501,12468,6974,5217,3063,2710,2449,3
2020-10-31,1660,1981,1437,935,720,1310,2772,5983,16406,34042,54028,62996,70699,70181,71894,67053,61252,45266,25749,10614,8875,5348,3706,2941,2
2020-11-01,1964,1535,1557,1018,939,1722,3307,6986,20927,38723,66251,76369,82461,82172,82533,75147,59961,46039,25251,11666,6586,3821,3354,1891,2
2020-11-02,1282,1250,1081,769,924,953,2154,6322,10710,25119,49661,60607,60044,53724,56214,51495,42400,32371,18175,9137,4839,2940,2680,2512,3
2020-11-03,2503,1766,1501,2121,685,1098,2257,4515,13105,28667,56472,60610,66821,64276,66051,57732,46271,39993,21268,9161,7684,3341,2233,2312,2
2020-11-04,1742,1615,2151,1368,846,1368,2456,5236,10229,18989,40919,47300,54252,53168,57280,45403,41246,28996,17244,8784,3702,2464,2143,2311,3
2020-11-05,1596,1424,1449,1323,1005,1483,2477,5626,10635,17905,33192,48059,46038,43678,45246,43537,36295,26387,13659,6899,3627,2772,1868,1964,3
2020-11-06,1459,1240,1803,1231,808,1183,2339,5244,10572,19833,36638,49443,50608,51132,50894,50018,38719,26822,14915,7742,4807,3463,2495,1959,3
2020-11-07,2205,1955,1679,1915,927,1015,2767,5985,16241,32055,57674,67623,70705,69132,71706,57481,48007,32610,18041,9724,6421,3191,2189,2529,2
2020-11-08,1946,1816,1935,956,674,1317,3167,7232,19029,41702,75075,89428,93673,90991,87944,81299,69784,44931,27058,10060,6446,3749,2614,1746,2
2020-11-09,1589,1575,1530,1163,1255,1500,2975,5494,10485,22454,40530,51405,53928,53592,57190,50314,41391,28186,15156,6023,4494,3072,3043,3118,3
2020-11-10,2611,2668,2659,2792,1509,1060,2074,6008,11711,18310,35742,51399,51977,47730,56379,48042,36291,27350,13556,6200,3065,2868,2918,3086,3
2020-11-11,2625,2605,2234,2455,1012,1418,2784,5613,10695,20966,38662,53645,55099,52954,54827,50312,37138,28250,15065,6159,3358,3885,2565,2586,3
2020-11-12,2291,1402,1621,1384,651,1224,2416,5253,10108,17465,34940,46896,51110,48895,49637,41959,34950,23711,11376,6433,2897,2982,3018,2253,3
2020-11-13,1595,1302,1290,1583,821,1016,2665,5867,12327,24343,42467,55426,59154,56146,60613,53042,47251,31004,16369,7347,4860,3833,3137,2690,3
2020-11-14,2736,1752,1590,1413,1210,1792,3908,8511,21206,42434,67274,78951,86004,87144,89760,82727,68827,48618,27804,13031,9214,6397,3522,3075,2
2020-11-15,1981,1452,1329,1146,1015,1779,3413,8076,21120,48069,71115,83124,74863,79720,82306,68546,59564,43836,27545,11037,7256,4363,3144,2459,2
2020-11-16,1967,1258,1037,754,819,1267,2541,6516,11339,24910,45446,57562,56018,58219,58781,53462,43820,32462,16961,8496,4131,3589,2838,2456,3
2020-11-17,1961,1372,1428,1680,750,1187,2201,6477,12305,22395,37628,47430,54927,52862,53663,51509,41621,29369,14124,6535,3739,4453,3175,2862,3
2020-11-18,1961,1619,1199,1201,1115,1632,2891,7734,11775,20194,40916,54757,56986,53086,56680,50655,39206,27954,16188,6700,3942,2422,2970,2482,3
2020-11-19,1710,1203,1700,1137,650,892,2579,5759,11500,20539,38512,50420,51457,51905,53125,44679,39595,25669,14679,7255,4326,3284,2773,2218,3
2020-11-20,1749,2155,2206,1249,725,1235,2580,5937,12779,19985,36456,49073,48575,45988,45536,36709,32168,21540,10785,6927,3712,4280,3639,2848,3
2020-11-21,1749,1352,1479,1600,1009,1267,2833,8054,20681,40954,64458,68399,82713,82935,75963,72414,70206,55494,31709,15367,10288,5911,3740,3374,2
2020-11-22,2780,2908,2290,1766,1642,2540,4106,9304,23274,51764,70819,85944,93281,92626,89542,87647,71914,54148,33171,19265,13245,5911,4117,2696,2
2020-11-23,1967,941,924,833,569,1586,3114,6818,18416,38829,63880,76460,74236,68682,68259,64322,53213,37908,21900,9220,6831,3822,2836,2360,2
2020-11-24,1805,1147,757,829,906,1210,2545,6144,9297,20218,36921,49379,53619,50194,54618,43637,38269,25174,13938,6352,3496,3067,2743,2442,3
2020-11-25,3328,2569,2928,2851,1860,1166,2669,5747,9422,16106,31416,46607,45757,44844,49374,41784,33093,23339,13422,5834,3202,2771,2189,2803,3
2020-11-26,2596,2155,2492,2475,2846,1438,2425,5683,9330,17385,32132,45527,52537,46703,48544,43812,34229,24820,12642,7597,5160,2943,2899,2666,3
2020-11-27,2617,2450,2349,2106,1554,1047,2544,5818,9774,18503,34620,43178,45344,46148,47309,42897,35530,24363,13449,7887,4722,3404,2841,3148,3
2020-11-28,3808,3141,2823,3200,1165,1729,2923,5869,15215,29372,54079,65152,68461,70484,74121,64388,59256,36875,23233,10129,6887,4579,3528,4247,2
2020-11-29,4333,3114,2235,2918,1574,1510,2549,4998,11983,29313,48082,61370,64063,61122,65550,53484,47711,32058,17079,7816,6159,4016,2328,1729,2
2020-11-30,1981,1447,1044,1302,745,1076,2663,5578,9588,18537,31735,43886,46260,44731,46037,38085,31611,24190,13153,7207,4188,3274,3402,3854,3
2020-12-01,2928,2706,1911,2569,1923,1309,2658,5496,7709,13501,25831,34608,36814,37599,38196,31629,24535,18295,10324,4358,2501,2698,2224,2455,0
2020-12-02,3852,2396,2953,3313,1714,1404,2262,5539,7228,11656,22087,31020,32127,31730,34581,26700,20199,14564,8187,3925,2744,2675,2583,2487,0
2020-12-03,3141,2603,2487,2526,878,1168,2122,4837,7472,12559,22372,33210,33636,35156,36456,29644,25174,17718,9731,5552,3205,3161,4063,3616,0
2020-12-04,4785,3694,3557,3588,1601,1013,2166,5178,9357,15032,26644,41369,41161,41181,43734,38798,29039,18630,10391,5480,3764,2498,2802,3654,3
2020-12-05,4245,2828,3653,3670,1681,1300,2236,4994,9913,22746,40183,52049,52382,57365,61522,53128,40697,25755,14507,6753,4993,2485,2617,2914,3
2020-12-06,3287,3053,2531,2415,1578,1813,2911,5014,13677,25140,48912,61134,57065,61264,64995,51699,43724,29991,15988,6162,3586,2884,1787,1277,3
2020-12-07,837,580,501,492,568,1069,2591,5366,7637,13924,30159,42870,40939,41495,44863,33177,29487,21597,10414,5110,3572,2951,1999,2512,3
2020-12-08,3002,2173,2123,1267,747,1142,2211,4610,9072,11001,22865,35929,36366,35956,38168,31129,24983,17033,9270,4933,3228,1981,1972,2748,0
2020-12-09,3267,2533,2062,1927,874,1039,2193,4558,7787,10415,22713,31925,31190,32233,33540,29913,24397,17550,9342,4351,3001,2906,2620,3385,0
2020-12-10,3513,3139,3062,3206,1955,1134,1732,4171,5801,10394,21462,27254,28551,27634,29088,22741,19438,12972,8744,4406,2671,2176,1959,1952,0
